engine_id,cycle,op_mode,op1,op2,op3,vibration_index,thermal_index,efficiency_index,fuel_index,overall_HI,HI_smooth,HI_trend,risk,UDI,Product ID,Type,Air temperature [K],Process temperature [K],Rotational speed [rpm],Torque [Nm],Tool wear [min],Machine failure,TWF,HDF,PWF,OSF,RNF,datetime,plant,temperature,humidity,rainfall,temp_gap,humidity_stress
1,1,2,0.295640293,0.351646031,0.808188,1.053648307439882,0.9843220186393786,0.9903906315634752,1.024053124772729,2.026973852222746,2.026973852222746,,Later,1,M14860,M,298.1,308.6,1551,42.8,0,0,0,0,0,0,0,2023-01-01 00:00:00,Plant_A,27.49,49.26,0.2,7.960000000000036,0.4926
1,2,2,0.222863909,0.170596255,0.787128465,0.9521669611869944,1.533652638612797,1.180498412695984,0.8967460679129742,2.335902898366109,2.1814383752944275,,Later,2,L47181,L,298.2,308.7,1408,46.3,3,0,0,0,0,0,0,2023-01-01 01:00:00,Plant_A,39.01,67.1,2.0,-3.4599999999999795,0.6709999999999999
1,3,2,0.30451711,0.376601486,0.740109304,0.9263877484501511,0.9544961915801464,0.6089703323839453,0.9080359570755632,1.721810502141711,2.028229084243522,,Later,3,L47182,L,298.1,308.5,1498,49.4,5,0,0,0,0,0,0,2023-01-01 02:00:00,Plant_A,34.64,83.65,0.0,0.7100000000000364,0.8365
1,4,2,0.298617852,0.351775625,0.786298454,0.7320297025527553,1.1106397577481262,0.5033879071404403,0.4701198875844553,1.497931991336037,1.895654811016651,,Later,4,L47183,L,298.2,308.6,1433,39.5,7,0,0,0,0,0,0,2023-01-01 03:00:00,Plant_A,31.97,76.61,2.0,3.480000000000018,0.7661
1,5,2,0.253235562,0.381229359,0.845180705,0.7645347101135225,0.9475041554122532,0.6891350321925607,0.8630982759492983,1.6438136068403704,1.8452865701813947,-0.0649158128360478,Later,5,L47184,L,298.2,308.7,1408,40.0,9,0,0,0,0,0,0,2023-01-01 04:00:00,Plant_A,23.12,80.33,0.2,12.430000000000009,0.8033
1,6,2,0.277074684,0.367214631,0.806415997,0.6955445448677241,1.0361605543966637,0.9895511052183744,0.8644483841579245,1.8121515684663363,1.8397640698955515,-0.0593451028629128,Later,6,M14865,M,298.1,308.6,1425,41.9,11,0,0,0,0,0,0,2023-01-01 05:00:00,Plant_A,23.12,72.94,1.0,12.33000000000004,0.7293999999999999
1,7,2,0.28198681,0.34497827,0.773774703,0.6400979069634259,0.9315958547852574,0.5747415874948921,0.1876716701856547,1.2818520645294662,1.7600623548432537,-0.0595366291785128,Later,7,L47186,L,298.1,308.6,1558,42.4,14,0,0,0,0,0,0,2023-01-01 06:00:00,Plant_A,21.16,74.61,0.0,14.29000000000002,0.7461
1,8,2,0.248207591,0.302151574,0.818216189,0.8251722117624176,0.9329691683858116,1.1440131754190963,0.6584153516652023,1.814832655939464,1.76690864248028,-0.0540845220753842,Later,8,L47187,L,298.1,308.6,1527,40.2,16,0,0,0,0,0,0,2023-01-01 07:00:00,Plant_A,37.32,82.46,1.0,-1.869999999999948,0.8245999999999999
1,9,2,0.268751197,0.307982095,0.793230125,0.7963642163769036,0.6938023719469268,0.7483888524513306,1.0783910165706825,1.6848058509924966,1.7577861100927483,-0.0485427394480678,Later,9,M14868,M,298.3,308.7,1667,28.6,18,0,0,0,0,0,0,2023-01-01 08:00:00,Plant_A,32.02,52.48,2.0,3.5300000000000296,0.5247999999999999
1,10,2,0.258276739,0.352653714,0.76128913,0.8937056729846212,0.625540553039725,1.2289124500009918,0.5417501342132756,1.7302398189585402,1.7550314809793277,-0.043223935001362,Later,10,M14869,M,298.5,309.0,1741,28.0,21,0,0,0,0,0,0,2023-01-01 09:00:00,Plant_A,34.16,64.47,0.0,1.6900000000000546,0.6446999999999999
1,11,2,0.287068043,0.463129878,0.776890042,1.4948904181739548,1.5248022068730176,1.5671108117277788,1.9697156401227784,3.3008082542934103,1.882414921186394,-0.0325678882482304,Later,11,H29424,H,298.4,308.9,1782,23.9,24,0,0,0,0,0,0,2023-01-01 10:00:00,Plant_A,20.41,51.06,0.0,15.339999999999977,0.5106
1,12,2,0.285161027,0.350007133,0.798425535,1.3651198955778516,0.8302367966574812,1.41712493725306,1.2526458536267628,2.4759261277791325,1.8964172441276963,-0.0246290069987495,Later,12,H29425,H,298.6,309.1,1423,44.3,29,0,0,0,0,0,0,2023-01-01 11:00:00,Plant_A,39.4,89.38,0.5,-3.449999999999932,0.8937999999999999
1,13,2,0.288539572,0.278505447,0.786734334,0.7573126490529953,0.6127301301414485,0.9983263620302676,0.3243385613274581,1.432065532120432,1.8674427471255683,-0.0199740399799437,Later,13,M14872,M,298.6,309.1,1339,51.1,34,0,0,0,0,0,0,2023-01-01 12:00:00,Plant_A,36.65,87.2,1.0,-0.6999999999999318,0.872
1,14,2,0.27934039,0.39080427,0.810577624,0.6447328891782153,0.9481058385277196,1.1507452373690807,0.9789324085179296,1.8966044503830457,1.9073099930302695,-0.0153383096857046,Later,14,M14873,M,298.6,309.2,1742,30.0,37,0,0,0,0,0,0,2023-01-01 13:00:00,Plant_A,24.25,41.97,0.2,11.800000000000011,0.4196999999999999
1,15,2,0.300087221,0.377037287,0.803464662,0.3116155941727935,0.8243015793428538,0.6347000448786216,0.4379890580347689,1.1710063766546683,1.8600292700116992,-0.0131236453277708,Later,15,L47194,L,298.6,309.2,2035,19.6,40,0,0,0,0,0,0,2023-01-01 14:00:00,Plant_A,23.64,75.28,0.0,12.410000000000023,0.7528
1,16,2,0.287513601,0.397452984,0.738622364,0.5999877976862227,0.4630923677455961,1.091681883552702,0.4671302172108114,1.4086943859990289,1.819683551764968,-0.012242261226189,Later,16,L47195,L,298.6,309.2,1542,48.4,42,0,0,0,0,0,0,2023-01-01 15:00:00,Plant_A,23.67,86.26,0.5,12.379999999999995,0.8626
1,17,2,0.243713411,0.302487086,0.808872693,0.8048547815101434,0.4998456125420763,0.539940776925176,0.7665450740827462,1.332953205811963,1.8247936658932185,-0.0112971471299186,Later,17,M14876,M,298.6,309.2,1311,46.6,44,0,0,0,0,0,0,2023-01-01 16:00:00,Plant_A,26.08,49.03,0.2,9.970000000000027,0.4903
1,18,2,0.348061151,0.357924923,0.806340049,0.5497523632382461,0.6435966894042324,1.1063831756661529,1.32921126996622,1.9254429856789987,1.835854698867172,-0.0102416603938715,Later,18,M14877,M,298.7,309.2,1410,45.6,47,0,0,0,0,0,0,2023-01-01 17:00:00,Plant_A,30.5,68.4,0.0,5.550000000000011,0.684
1,19,2,0.310056819,0.263690708,0.778045105,1.172970422283038,1.3902103411109676,0.4526922526332936,0.3374665380670907,1.9045625072419952,1.8578303644921208,-0.0089774594772457,Later,19,H29432,H,298.8,309.2,1306,54.5,50,0,0,0,0,0,0,2023-01-01 18:00:00,Plant_A,28.64,85.77,0.2,7.410000000000025,0.8576999999999999
1,20,2,0.30064803,0.312076889,0.794186739,1.316141679896288,0.9896879980930696,1.366151995942489,0.6418701587884946,2.233848659128569,1.9081912485091244,-0.0072087081880719,Later,20,M14879,M,298.9,309.3,1632,32.5,55,0,0,0,0,0,0,2023-01-01 19:00:00,Plant_A,25.82,41.7,0.0,10.33000000000004,0.417
1,21,2,0.289312667,0.458791282,0.846629475,1.1504425776672076,1.211809405725772,0.7749472915973645,1.012749270668749,2.101952556626621,1.7883056787424454,-0.0060733302329834,Later,21,H29434,H,298.9,309.3,1375,42.7,58,0,0,0,0,0,0,2023-01-01 20:00:00,Plant_A,32.24,74.87,0.0,3.910000000000025,0.7487
1,22,2,0.2705488,0.358644969,0.79016181,0.8588108203775467,1.0846666884530003,1.3248903129128486,1.316353179009076,2.3242585663765465,1.7731389226021868,-0.0023568071915782,Later,22,L47201,L,298.8,309.3,1450,44.8,63,0,0,0,0,0,0,2023-01-01 21:00:00,Plant_A,22.79,54.87,0.0,13.360000000000014,0.5487
1,23,2,0.263816978,0.284725989,0.811924867,0.7891769256208438,0.7638937160294628,0.728014419283568,1.0759568047910093,1.701182491616504,1.8000506185517942,-6.094128073096644e-05,Later,23,M14882,M,298.9,309.3,1581,30.7,65,0,0,0,0,0,0,2023-01-01 22:00:00,Plant_A,25.84,86.22,0.0,10.31000000000006,0.8622
1,24,2,0.270188018,0.358955125,0.787690561,0.7159213880804894,0.8251925751758862,0.4334094587555148,1.1112853450000384,1.6174934611883622,1.7721395196323255,8.60421595517838e-05,Later,24,L47203,L,299.0,309.4,1758,25.7,68,0,0,0,0,0,0,2023-01-01 23:00:00,Plant_A,27.33,88.55,0.5,8.920000000000016,0.8855
1,25,2,0.308328388,0.34914081,0.782251778,0.6805437713243444,0.9219613652165128,0.5720476383818753,0.2364198849368676,1.3024152357109848,1.7852804055379576,-0.0001887981915674,Later,25,M14884,M,299.0,309.4,1561,37.3,70,0,0,0,0,0,0,2023-01-02 00:00:00,Plant_A,29.12,87.21,0.2,7.129999999999996,0.8721
1,26,2,0.301647447,0.399622945,0.777546843,1.1640002985374978,0.4337699581183071,0.8862331034776625,0.7363998173744072,1.6943278538376365,1.8138437523218185,-5.255327037274187e-05,Later,26,L47205,L,299.0,309.5,1861,23.3,73,0,0,0,0,0,0,2023-01-02 01:00:00,Plant_A,35.7,63.71,0.0,0.6500000000000341,0.6371
1,27,2,0.261270369,0.417754575,0.854959195,1.7558859386768384,1.194050906399776,1.528299477649857,1.6236812663594955,3.079112395614809,1.9884596713021023,0.0013587345678704,Later,27,L47206,L,299.1,309.5,1512,39.0,75,0,0,0,0,0,0,2023-01-02 02:00:00,Plant_A,23.99,83.1,0.0,12.360000000000014,0.831
1,28,2,0.279513931,0.31313336,0.798468827,1.2016391119078684,1.3687893034782852,0.4419778893492578,0.9699413709681968,2.1103676055068203,2.0069521332848845,0.0027988451017022,Later,28,H29441,H,299.1,309.4,1811,24.6,77,0,0,0,0,0,0,2023-01-02 03:00:00,Plant_A,30.28,82.23,0.0,5.970000000000027,0.8223
1,29,2,0.326397407,0.365230965,0.822903575,1.457483533374642,1.267883529187185,1.3459725157255549,1.3125182056932407,2.695576551872932,2.0860535377479783,0.0048639680588809,Later,29,L47208,L,299.1,309.4,1439,44.2,82,0,0,0,0,0,0,2023-01-02 04:00:00,Plant_A,31.85,55.96,2.0,4.399999999999977,0.5596
1,30,2,0.267479117,0.374176237,0.782369055,0.8537397079902481,0.5820340188249912,0.5850105522003456,1.3536755851195916,1.8006415590015317,2.042732827735275,0.005773094356711,Later,30,L47209,L,299.0,309.4,1693,30.1,84,0,0,0,0,0,0,2023-01-02 05:00:00,Plant_A,20.93,81.45,1.0,15.319999999999991,0.8145
1,31,1,0.729929809,0.859888233,0.783327653,2.591058843944703,2.5041470713373464,1.53179611744149,3.0662484202405835,4.973189842315309,2.329856556304144,0.0123626720783344,Later,31,M14890,M,299.1,309.5,1339,48.2,86,0,0,0,0,0,0,2023-01-02 06:00:00,Plant_A,32.15,41.85,2.0,4.2000000000000455,0.4185
1,32,1,0.535786638,0.854034491,0.714437249,2.7279623894670992,2.0012884296278743,1.772747377452324,3.3546403169820693,5.08361870103326,2.6057925697698154,0.0224424375949799,Later,32,L47211,L,299.0,309.4,1798,25.5,89,0,0,0,0,0,0,2023-01-02 07:00:00,Plant_A,23.41,69.81,2.0,12.839999999999977,0.6981
1,33,1,0.591563979,0.909839049,0.698048009,3.2326046897034915,3.532972802434265,2.4024119242124224,3.973430222344684,6.670184456825267,3.102692766290691,0.0380965554767139,Later,33,L47212,L,299.0,309.4,1419,48.3,91,0,0,0,0,0,0,2023-01-02 08:00:00,Plant_A,21.3,51.5,0.0,14.949999999999989,0.515
1,34,1,0.599647607,0.811978497,0.730685516,3.283993894300893,1.8498066637914896,1.63707715228494,2.0606507286924747,4.597032044635663,3.4006466246354217,0.0567791210533491,Later,34,L47213,L,298.9,309.3,1665,32.5,93,0,0,0,0,0,0,2023-01-02 09:00:00,Plant_A,38.98,46.03,0.0,-2.829999999999984,0.4603
1,35,1,0.583853511,0.88893422,0.712236178,3.1354232827227237,3.23882813955638,1.888033757690852,2.39194586632856,5.441228112939991,3.814527912358321,0.0783821197278299,Later,35,M14894,M,298.8,309.1,1559,34.7,95,0,0,0,0,0,0,2023-01-02 10:00:00,Plant_A,39.31,43.85,0.2,-3.359999999999957,0.4385
1,36,1,0.485457516,0.771675239,0.659350135,2.7291572789499297,1.4953428428934774,1.4657273206168733,3.715227623147537,5.063163293953628,4.151411456369921,0.1012216071003151,Later,36,M14895,M,298.8,309.2,1452,48.6,98,0,0,0,0,0,0,2023-01-02 11:00:00,Plant_A,36.17,74.81,2.0,-0.1200000000000045,0.7481
1,37,1,0.60662918,0.86419809,0.760048172,3.1311896811733333,3.422149001517977,2.2104609043069225,2.662400745439032,5.787051731828613,4.422205389991301,0.1245039075000856,Later,37,M14896,M,298.9,309.2,1581,36.7,101,0,0,0,0,0,0,2023-01-02 12:00:00,Plant_A,26.09,56.99,2.0,9.960000000000036,0.5699000000000001
1,38,1,0.508694032,0.817636395,0.697565351,2.1422547580329887,2.998595187535446,1.721784908717083,3.282280271640205,5.226732784494546,4.733841907890074,0.1485069237527386,Later,38,L47217,L,298.8,309.1,1439,39.2,104,0,0,0,0,0,0,2023-01-02 13:00:00,Plant_A,21.95,76.24,0.5,14.000000000000057,0.7624
1,39,1,0.569006947,0.861077355,0.717686283,3.346679488380468,2.2314662296261467,2.248385935202823,3.2951547491955955,5.665067454732789,5.03079099817606,0.172741178558408,Later,39,H29452,H,298.9,309.2,1379,50.7,106,0,0,0,0,0,0,2023-01-02 14:00:00,Plant_A,33.68,43.27,0.0,2.3700000000000045,0.4327
1,40,1,0.609397515,0.853881599,0.713344944,2.1924337545941803,2.784633534090477,1.8374959615364932,2.477825298078102,4.698612487099134,5.3205880909858205,0.1971391943117275,Later,40,L47219,L,298.8,309.1,1350,52.5,111,0,0,0,0,0,0,2023-01-02 15:00:00,Plant_A,28.8,55.76,0.0,7.150000000000034,0.5576
1,41,1,0.662487956,0.790129977,0.69569432,2.0367039242715723,2.3498855858319545,1.5342945162478774,2.7401697566324743,4.419583136382389,5.265227420392528,0.2137219894700649,Later,41,L47220,L,298.8,309.1,1362,45.4,113,0,0,0,0,0,0,2023-01-02 16:00:00,Plant_A,22.44,66.97,0.2,13.510000000000048,0.6697
1,42,1,0.532256641,0.735044907,0.678864632,1.8943850688595367,1.583210297422371,1.6969274278296111,1.3420116128370143,3.2826525096775034,5.085130801256952,0.2222640469398146,Later,42,L47221,L,298.8,309.1,1368,50.8,115,0,0,0,0,0,0,2023-01-02 17:00:00,Plant_A,29.9,79.54,1.0,6.050000000000068,0.7954000000000001
1,43,4,0.538639084,0.363607476,0.197036007,3.992498808264517,2.2087019283277574,4.296157067539598,1.250226145866013,6.390496217585123,5.057161977332937,0.2258510323818019,Later,43,M14902,M,298.8,309.1,1368,49.1,117,0,0,0,0,0,0,2023-01-02 18:00:00,Plant_A,20.69,55.94,0.0,15.260000000000048,0.5594
1,44,4,0.521196328,0.308897884,0.263059644,3.663348309419847,2.8635020604942563,3.3954725792464795,1.0304503225436197,5.849002204669536,5.182358993336325,0.2258879332442352,Later,44,H29457,H,298.8,309.2,1372,48.5,120,0,0,0,0,0,0,2023-01-02 19:00:00,Plant_A,38.19,71.29,0.5,-2.1399999999999864,0.7129000000000001
1,45,4,0.418458968,0.38356075,0.358087654,2.4727359367656203,2.8572307691065677,3.0703232053960403,0.7466411165331011,4.925702815171929,5.130806463559519,0.2202677074832483,Later,45,M14904,M,298.8,309.1,1472,47.5,125,0,0,0,0,0,0,2023-01-02 20:00:00,Plant_A,25.18,84.3,0.0,10.77000000000004,0.843
1,46,4,0.545732183,0.457478889,0.282495724,2.7862989160011957,2.6494336916739583,3.266827801062855,0.4488829234339292,5.065236450219703,5.131013779186127,0.2100705773337828,Later,46,L47225,L,298.8,309.1,1489,49.1,128,0,0,0,0,0,0,2023-01-02 21:00:00,Plant_A,33.25,70.79,0.5,2.700000000000045,0.7079000000000001
1,47,4,0.615289525,0.308838079,0.340446849,3.9232250801817714,2.312453423843078,2.254487328026271,0.5169581229275637,5.107748494229396,5.063083455426205,0.1966718818410231,Later,47,M14906,M,298.7,309.0,1843,25.8,130,0,0,0,0,0,0,2023-01-02 22:00:00,Plant_A,26.23,51.65,0.0,9.620000000000005,0.5165
1,48,4,0.43196836,0.297587401,0.367029745,1.971299167563832,2.93531649116812,2.9666005717688635,1.2813449954562328,4.790059212698885,5.019416098246639,0.1783178587896006,Later,48,L47227,L,298.8,309.1,1418,46.3,133,0,0,0,0,0,0,2023-01-02 23:00:00,Plant_A,30.4,41.22,0.5,5.550000000000068,0.4122
1,49,4,0.34938262,0.279483603,0.396734304,2.232717471166927,1.034290773587902,2.671105775567127,1.368338171298213,3.880971544044467,4.841006507177807,0.1541340758385493,Later,49,H29462,H,298.8,309.2,1425,53.9,135,0,0,0,0,0,0,2023-01-03 00:00:00,Plant_A,30.93,83.5,0.0,5.1200000000000045,0.835
1,50,4,0.549129819,0.32859927,0.319251531,3.0953911732204142,1.8701343652583031,2.2226632867547766,1.6497614992425416,4.554206204163518,4.826565878884245,0.1249172005666679,Later,50,M14909,M,298.9,309.2,1412,44.1,140,0,0,0,0,0,0,2023-01-03 01:00:00,Plant_A,23.7,41.06,2.0,12.350000000000025,0.4106
1,51,4,0.384617593,0.468479738,0.3895775,2.547319640482462,1.155635173899494,2.918048909082709,1.8228348290663132,4.43419285279716,4.828026850525722,0.096068513760077,Later,51,L47230,L,298.9,309.1,2861,4.6,143,1,0,0,1,0,0,2023-01-03 02:00:00,Plant_A,39.39,83.74,0.0,-3.439999999999941,0.8373999999999999
1,52,4,0.397079155,0.390916322,0.324023154,3.749319361730669,1.4325332213533768,3.6434397800063167,2.252003243467048,5.869899415292236,5.086751541087196,0.0715161313256694,Later,52,L47231,L,298.9,309.1,1383,54.9,145,0,0,0,0,0,0,2023-01-03 03:00:00,Plant_A,35.5,66.45,0.5,0.4500000000000455,0.6645
1,53,4,0.549780783,0.389075917,0.32243958,3.3109501130590324,2.1044444157671167,2.9669770930708093,0.9958305556529308,5.018536491508053,4.9495555684794885,0.0491188336316808,Later,53,H29466,H,298.8,309.0,1497,43.8,147,0,0,0,0,0,0,2023-01-03 04:00:00,Plant_A,38.79,86.95,0.0,-2.9399999999999977,0.8695
1,54,4,0.466502714,0.348402149,0.335040636,3.338167108269773,2.211242435444581,2.958301858931054,1.7421285394315402,5.274420772701194,4.892097425282654,0.027828002629513,Later,54,L47233,L,298.7,309.0,1565,35.1,152,0,0,0,0,0,0,2023-01-03 05:00:00,Plant_A,37.9,79.94,0.0,-2.0499999999999545,0.7994
1,55,4,0.504010562,0.447413203,0.346596066,3.089220281963829,1.4864456957429055,2.9032446372997667,2.485879111195615,5.134318565922634,4.912959000357724,0.0111273786704378,Later,55,L47234,L,298.7,309.0,1691,30.1,154,0,0,0,0,0,0,2023-01-03 06:00:00,Plant_A,31.96,89.9,0.0,3.890000000000043,0.899
1,56,4,0.51481861,0.385274154,0.25651124,3.336498860037324,2.198283895627808,3.504342552361136,1.7792958469527236,5.604550576458304,4.966890412981585,-0.0011353587562327,Later,56,L47235,L,298.8,309.1,1512,40.7,156,0,0,0,0,0,0,2023-01-03 07:00:00,Plant_A,38.44,57.54,0.0,-2.4899999999999523,0.5754
1,57,4,0.552889933,0.265405072,0.241967352,3.9645125583520255,2.886036974640706,3.805801599005605,1.3667115954739115,6.355988958495812,5.091714459408226,-0.0085654859761878,Later,57,L47236,L,298.8,309.1,1477,42.4,158,0,0,0,0,0,0,2023-01-03 08:00:00,Plant_A,21.77,78.36,0.5,14.180000000000064,0.7836
1,58,4,0.4354143,0.369434958,0.382615797,2.0857893586502687,2.379461385596133,2.734495579022877,0.900617222063898,4.2779587640106485,5.040504414539402,-0.0128133892228099,Later,58,L47237,L,298.8,309.1,1513,40.3,160,0,0,0,0,0,0,2023-01-03 09:00:00,Plant_A,23.92,60.1,0.2,12.03000000000003,0.601
1,59,5,0.290806599,0.493594566,0.472944321,1.927214870932374,2.0946872359516395,3.129601629842903,0.4526670867492464,4.25454881604889,5.077862141739844,-0.0123000874322025,Later,59,M14918,M,298.8,309.0,1661,29.5,162,0,0,0,0,0,0,2023-01-03 10:00:00,Plant_A,20.9,63.99,0.0,14.950000000000044,0.6399
1,60,5,0.290375954,0.542431343,0.512734456,2.150628958801416,1.5625628488678975,2.5898339364683154,2.682569219864704,4.579325825156571,5.08037410383915,-0.0072459405725993,Later,60,L47239,L,298.8,309.1,1378,54.4,165,0,0,0,0,0,0,2023-01-03 11:00:00,Plant_A,26.51,71.38,0.5,9.440000000000056,0.7138
1,61,5,0.296498948,0.429605838,0.530550657,2.397668711516805,2.295703150447529,3.2897845163759247,2.0052606534348816,5.085550182385602,5.145509836797994,-0.0017741750528065,Later,61,L47240,L,298.8,309.1,1393,52.6,167,0,0,0,0,0,0,2023-01-03 12:00:00,Plant_A,27.77,83.68,0.0,8.180000000000064,0.8368000000000001
1,62,5,0.374106718,0.436642403,0.534618921,1.679128286115004,1.9245273476715163,2.426989640036705,1.8007805214481734,3.956812670880404,4.954201162356811,-0.0016989949834202,Later,62,M14921,M,298.8,309.0,1592,38.2,169,0,0,0,0,0,0,2023-01-03 13:00:00,Plant_A,25.43,89.2,0.0,10.420000000000016,0.892
1,63,5,0.262724742,0.482760804,0.507741311,1.96282396463488,1.094020358180505,2.3802040816853083,2.139985735386114,3.9108143497724153,4.843428948183247,-0.0034510014508019,Later,63,L47242,L,298.8,309.0,1829,22.9,172,0,0,0,0,0,0,2023-01-03 14:00:00,Plant_A,36.57,78.41,0.0,-0.7199999999999704,0.7841
1,64,5,0.298384203,0.522491272,0.509359843,2.116519884634858,2.017891720884325,2.614455533275076,1.0564429899900545,4.062387591779007,4.722225630091029,-0.0046362858500497,Later,64,M14923,M,298.9,309.0,1812,25.9,174,0,0,0,0,0,0,2023-01-03 15:00:00,Plant_A,27.14,60.89,0.5,8.710000000000036,0.6089
1,65,5,0.350777122,0.446452421,0.483927797,1.8566360388461531,2.095428794483615,2.6664249755628058,0.2722487172290536,3.87580452652496,4.596374226151261,-0.0077415048911605,Later,65,L47244,L,299.0,309.1,1523,38.6,177,0,0,0,0,0,0,2023-01-03 16:00:00,Plant_A,25.62,61.07,0.2,10.33000000000004,0.6107
1,66,5,0.346246171,0.459627758,0.557096565,1.3809561611550516,2.131352206971456,1.2234996764012935,1.2673437015790092,3.090762634897777,4.344995431995208,-0.0136309186585793,Later,66,L47245,L,299.0,309.1,1394,45.1,179,0,0,0,0,0,0,2023-01-03 17:00:00,Plant_A,30.85,76.88,2.0,5.100000000000023,0.7687999999999999
1,67,5,0.286607437,0.479676128,0.543205853,1.9410237110526944,0.932046461722548,3.438176868845909,3.909374646405501,5.633875572028858,4.2727840933485135,-0.0204425245604822,Later,67,M14926,M,298.9,308.9,1679,28.7,181,0,0,0,0,0,0,2023-01-03 18:00:00,Plant_A,22.82,51.94,0.0,12.930000000000009,0.5194
1,68,5,0.264914958,0.438764745,0.501580716,1.8783995706936645,1.4522318278128747,3.1117645197420862,2.1640127200330705,4.472515143371288,4.292239731284577,-0.02647725727128,Later,68,H29481,H,298.8,308.9,1466,44.1,184,0,0,0,0,0,0,2023-01-03 19:00:00,Plant_A,36.04,45.52,0.0,-0.2900000000000204,0.4552
1,69,5,0.336084207,0.465989347,0.567958029,1.8936483838504423,1.6560998138507637,2.3551576435719537,1.833835903958713,3.903625551179236,4.257147404797612,-0.0347368041789002,Later,69,L47248,L,298.8,308.9,1527,32.4,189,0,0,0,0,0,0,2023-01-03 20:00:00,Plant_A,21.49,57.73,2.0,14.259999999999993,0.5772999999999999
1,70,2,0.332450568,0.357903285,0.767528588,2.06378129751964,1.5247747879652274,1.9181889645668024,3.413595973370714,4.681476024845676,4.267362424766523,-0.0422004485376446,Later,70,L47249,L,298.9,309.0,1410,65.7,191,1,0,0,1,1,0,2023-01-03 21:00:00,Plant_A,39.74,54.36,1.0,-3.8899999999999855,0.5436
1,71,2,0.302745588,0.285250335,0.7900914,2.456156220785564,1.9602154970582852,1.5702250288275794,0.9071531619359754,3.628178837402878,4.12162529026825,-0.0508820765375621,Later,71,M14930,M,298.9,309.0,1924,22.6,193,0,0,0,0,0,0,2023-01-03 22:00:00,Plant_A,35.44,54.82,2.0,0.410000000000025,0.5482
1,72,2,0.248351545,0.350287539,0.807882662,2.443436776602191,1.5876872890343243,1.7708405081352072,1.340289508224039,3.66379397348176,4.092323420528386,-0.0548349179981954,Later,72,L47251,L,298.9,309.1,1452,45.5,196,0,0,0,0,0,0,2023-01-03 23:00:00,Plant_A,23.97,51.68,0.0,11.980000000000018,0.5168
1,73,2,0.295394109,0.452463119,0.799811529,1.8193498577302256,1.3410850690713498,2.2666790985229808,2.599410257813454,4.123507110629962,4.113592696614139,-0.0591547842242534,Later,73,L47252,L,298.9,309.1,1369,44.4,198,0,0,0,0,0,0,2023-01-04 00:00:00,Plant_A,20.11,42.1,0.0,15.840000000000032,0.421
1,74,2,0.252948268,0.386822248,0.811019685,1.9409929231448704,1.492102295907307,1.6528989992638323,2.435237598058352,3.82835213243436,4.090189150679676,-0.0634591336353923,Later,74,L47253,L,299.0,309.1,1592,35.0,200,0,0,0,0,0,0,2023-01-04 01:00:00,Plant_A,36.31,40.89,0.5,-0.3599999999999568,0.4089
1,75,2,0.297732206,0.408310572,0.778379495,1.8850333181288057,1.1781831082226804,2.498731536503479,2.3724170493325145,4.100425343112296,4.1126512323384095,-0.065907325770367,Later,75,L47254,L,298.9,309.0,1601,32.3,202,0,0,0,0,0,0,2023-01-04 02:00:00,Plant_A,34.14,89.39,0.5,1.7100000000000364,0.8939
1,76,2,0.27578041,0.278815726,0.795366691,1.711519688245584,1.0753882706799491,2.0549278631863417,1.833712300234316,3.416282906742134,4.1452032595228445,-0.0658354699973387,Later,76,L47255,L,298.8,308.9,1379,46.7,204,0,0,0,0,0,0,2023-01-04 03:00:00,Plant_A,34.58,61.39,0.0,1.170000000000016,0.6139
1,77,2,0.265373494,0.263929364,0.77587189,2.5124042801570687,1.5597496437770415,2.094966727859545,1.5438797499729868,3.939218766637536,3.9757375789837126,-0.0649780267418792,Later,77,L47256,L,298.8,308.9,1461,47.9,206,0,0,0,0,0,0,2023-01-04 04:00:00,Plant_A,35.43,59.22,0.2,0.3199999999999932,0.5922
1,78,2,0.328762315,0.262492007,0.805137912,2.4813632896739657,1.5289401070918198,1.5083157206984412,1.957974114329855,3.8214526782504303,3.910631332471626,-0.0641810916556873,Later,78,L47257,L,298.8,308.9,1455,41.3,208,1,1,0,0,0,0,2023-01-04 05:00:00,Plant_A,21.48,73.98,0.0,14.269999999999982,0.7398
1,79,2,0.30063312,0.378812861,0.824852413,2.501968250739498,2.644144848731576,1.7359364879067796,1.6384538064186576,4.353085511978383,3.955577328551541,-0.0604531547944103,Later,79,L47258,L,298.8,308.9,1398,51.5,0,0,0,0,0,0,0,2023-01-04 06:00:00,Plant_A,27.17,50.91,0.0,8.579999999999984,0.5091
1,80,2,0.290555284,0.39983713,0.807823703,1.8607224307327768,0.7926348095811998,2.333558352669539,2.636740308599664,4.06059748631897,3.893489474698871,-0.0558848783788015,Later,80,L47259,L,298.8,308.9,1402,37.9,2,0,0,0,0,0,0,2023-01-04 07:00:00,Plant_A,22.32,87.5,0.0,13.430000000000009,0.875
1,81,2,0.29168739,0.296038493,0.799553555,2.3491507217083645,2.0416415556287792,2.4331539248107847,1.641609853921216,4.278075535715399,3.9584791445301226,-0.0475749302510048,Later,81,H29494,H,298.8,308.8,1445,49.9,4,0,0,0,0,0,0,2023-01-04 08:00:00,Plant_A,37.26,79.32,2.0,-1.6099999999999568,0.7931999999999999
1,82,2,0.311618835,0.3882436,0.813481905,2.6624347953853014,0.7463306028678649,1.993433741614598,1.76578633450512,3.838925353505599,3.975992282532507,-0.0402504491583085,Later,82,L47261,L,298.9,308.9,1450,47.5,9,0,0,0,0,0,0,2023-01-04 09:00:00,Plant_A,32.47,44.47,1.0,3.2799999999999727,0.4447
1,83,2,0.331810483,0.501612433,0.827992483,2.5207747324760423,0.7626012216259794,2.4322238317562914,2.7106658288438874,4.4943617876780095,4.013077750237311,-0.0326742198337363,Later,83,L47262,L,298.9,308.9,1453,40.8,11,0,0,0,0,0,0,2023-01-04 10:00:00,Plant_A,26.62,60.88,0.0,9.129999999999995,0.6088
1,84,2,0.285737656,0.389284583,0.813627487,2.294602006321714,2.03179542119437,3.009300882468956,2.4300488959770155,4.935019801284447,4.12374451712232,-0.0241821248800135,Later,84,L47263,L,299.0,309.0,1469,40.1,13,0,0,0,0,0,0,2023-01-04 11:00:00,Plant_A,21.27,83.96,0.0,14.58000000000004,0.8395999999999999
1,85,2,0.296386914,0.373534245,0.809234251,2.4615843390552588,1.147748657047343,2.2260674663639946,2.217774622600788,4.1533871815052805,4.129040700961619,-0.0167015259893365,Later,85,L47264,L,298.9,308.9,1422,47.6,15,0,0,0,0,0,0,2023-01-04 12:00:00,Plant_A,26.22,87.24,0.0,9.529999999999973,0.8724
1,86,6,0.584003782,1.0,0.766183834,1.700556326026907,2.9691700962510303,4.300603611429944,5.447914488994073,7.738399484421653,4.561252358729571,-0.0063128565191908,Later,86,M14945,M,299.0,309.0,1804,26.8,17,0,0,0,0,0,0,2023-01-04 13:00:00,Plant_A,26.5,63.37,1.0,9.350000000000025,0.6336999999999999
1,87,6,0.591958937,0.923356713,0.756998078,2.317824187030141,1.8850336945801387,4.5085171374237465,4.299413520534634,6.909221692107152,4.858252651276532,0.0068532968557238,Later,87,H29500,H,299.0,309.0,1436,43.9,20,0,0,0,0,0,0,2023-01-04 14:00:00,Plant_A,34.59,70.67,1.0,1.259999999999991,0.7067
1,88,6,0.572962162,0.965014063,0.758380285,1.7129568994158106,2.3884840460427537,4.384644918747435,4.296111489047625,6.805935818627861,5.156700965314276,0.0237097880107276,Later,88,L47267,L,299.0,309.0,1544,31.8,25,0,0,0,0,0,0,2023-01-04 15:00:00,Plant_A,32.75,48.35,1.0,3.1000000000000227,0.4835
1,89,6,0.487787949,0.899742109,0.732535222,2.354481440827312,0.8957599615472722,4.455765266266766,3.69468806656623,6.312727839944288,5.3526651981108655,0.0415117371347912,Later,89,M14948,M,299.0,309.0,1419,45.2,27,0,0,0,0,0,0,2023-01-04 16:00:00,Plant_A,37.74,89.56,0.0,-1.8899999999999864,0.8956000000000001
1,90,6,0.541965174,0.899840188,0.779688633,2.1689428439656195,1.4376894626287182,3.772136440725125,4.103730003312725,6.151493909521394,5.561754840431108,0.0608145757602121,Later,90,M14949,M,298.9,308.9,1487,39.5,30,0,0,0,0,0,0,2023-01-04 17:00:00,Plant_A,29.44,51.58,0.0,6.310000000000002,0.5158
1,91,6,0.544109283,0.885272463,0.792789881,2.6094783216531843,1.0987742125857272,4.585859804729528,4.459915658568619,6.99554427558005,5.833501714417574,0.0797519451750691,Later,91,L47270,L,298.9,308.9,1753,25.8,33,0,0,0,0,0,0,2023-01-04 18:00:00,Plant_A,22.39,87.14,0.0,13.360000000000014,0.8714
1,92,6,0.591046564,0.918936601,0.70108452,2.021848973067011,1.7251185078009688,4.118795464762454,4.592557171988783,6.717139614030881,6.121323140470102,0.0997641378847848,Later,92,L47271,L,298.9,308.9,1830,24.9,35,0,0,0,0,0,0,2023-01-04 19:00:00,Plant_A,34.26,72.48,0.5,1.490000000000009,0.7248
1,93,6,0.560822333,0.946135395,0.703820516,1.9077233380221632,2.501805421474564,4.138423069730769,4.110784114613084,6.627482949234126,6.334635256625713,0.1201083498162104,Later,93,M14952,M,298.9,308.9,1727,27.1,37,0,0,0,0,0,0,2023-01-04 20:00:00,Plant_A,35.22,70.39,0.5,0.5299999999999727,0.7039
1,94,6,0.567305226,0.938317555,0.761925,3.3225968667979324,1.286030213033696,4.450931610703959,5.221104776515406,7.730734178498616,6.61420669434713,0.1407369961326436,Later,94,L47273,L,299.1,309.0,1450,43.0,40,0,0,0,0,0,0,2023-01-04 21:00:00,Plant_A,31.23,65.63,0.0,4.6200000000000045,0.6563
1,95,6,0.584807169,0.952957783,0.763906561,1.6293538370217846,2.722123964901561,4.703444986218954,5.8566594033494175,8.153993310748934,7.014267307271496,0.1636399434062657,Later,95,L47274,L,299.0,308.9,1622,31.9,42,0,0,0,0,0,0,2023-01-04 22:00:00,Plant_A,35.42,51.53,1.0,0.3299999999999841,0.5153
1,96,6,0.58925307,0.87283689,0.765397242,1.738595158834289,2.214427820055568,5.142727917186514,6.4719380926927785,8.732699285010074,7.1136972873303375,0.1841139658995308,Later,96,M14955,M,299.0,309.0,1351,52.2,44,0,0,0,0,0,0,2023-01-04 23:00:00,Plant_A,29.88,48.83,0.0,5.970000000000027,0.4882999999999999
1,97,6,0.518094695,0.811017399,0.749075132,2.6450757490758257,2.769729799001826,4.588373176852275,3.564080507691465,6.958711601524482,7.118646278272071,0.1975190135664471,Later,97,M14956,M,299.0,309.0,1575,35.3,47,0,0,0,0,0,0,2023-01-05 00:00:00,Plant_A,30.45,51.02,0.0,5.400000000000034,0.5102
1,98,6,0.556949976,0.855866425,0.694250375,1.9945134736312584,2.551347255394097,4.051981070586207,4.709054705502454,7.0057978581962645,7.138632482228911,0.2054554065715961,Later,98,M14957,M,298.9,308.9,1750,29.9,50,0,0,0,0,0,0,2023-01-05 01:00:00,Plant_A,28.55,49.32,0.0,7.199999999999989,0.4932
1,99,6,0.533874155,0.96473536,0.788146292,3.1328193556490085,1.7220917259958215,3.839205984662199,4.257657672392025,6.756279188711569,7.18298761710564,0.2098809809157085,Later,99,L47278,L,298.9,308.8,1529,32.7,53,0,0,0,0,0,0,2023-01-05 02:00:00,Plant_A,20.51,78.98,0.0,15.140000000000043,0.7898000000000001
1,100,6,0.532216807,0.962066337,0.729004753,2.754383325541876,2.435655762212901,4.638959842764551,4.871426588832871,7.666145832763293,7.334452809429829,0.2106367606328625,Later,100,L47279,L,298.8,308.8,1523,44.4,55,0,0,0,0,0,0,2023-01-05 03:00:00,Plant_A,22.16,57.51,0.0,13.490000000000007,0.5751
1,101,6,0.638912144,0.942713682,0.717296946,1.972003166747311,2.489362225212613,4.648751024080035,6.686541028874267,8.741077610494088,7.509006142921232,0.2097379311269571,Later,101,L47280,L,298.8,308.9,1852,25.0,57,0,0,0,0,0,0,2023-01-05 04:00:00,Plant_A,20.63,42.89,0.5,15.120000000000005,0.4289
1,102,6,0.541090316,0.86935465,0.722826081,2.207664784345765,1.972327869141371,5.5578790247510215,4.017703708603793,7.4696601908874145,7.584258200606885,0.2048515159047325,Later,102,L47281,L,298.8,308.8,1991,20.7,59,0,0,0,0,0,0,2023-01-05 05:00:00,Plant_A,32.73,88.46,2.0,2.920000000000016,0.8845999999999999
1,103,6,0.561936827,0.929597732,0.800836914,2.412477068455693,2.7355522803756718,5.167356207959198,6.446484357897293,9.031169505719737,7.824626856255446,0.1985585348501581,Later,103,L47282,L,298.8,308.8,1555,40.6,61,0,0,0,0,0,0,2023-01-05 06:00:00,Plant_A,26.29,84.19,1.0,9.360000000000014,0.8419
1,104,6,0.602232885,0.948055886,0.736994558,2.8463753753808043,2.0295692997322408,5.490629542440062,5.931198329568894,8.806084868827135,7.932161925288298,0.1898174862799243,Later,104,M14963,M,298.8,308.8,1441,40.5,63,0,0,0,0,0,0,2023-01-05 07:00:00,Plant_A,30.17,86.39,0.2,5.480000000000018,0.8639
1,105,6,0.535600358,0.860336002,0.707183642,3.2058165913094667,1.9859648159121872,5.304691255084659,4.924319045645457,8.16149395896575,7.9329119901099805,0.1754438334058599,Later,105,L47284,L,298.8,308.7,1450,43.4,66,0,0,0,0,0,0,2023-01-05 08:00:00,Plant_A,38.15,89.75,2.0,-2.599999999999966,0.8975
1,106,6,0.528773702,0.935891475,0.741916427,3.037820586074237,1.0401990986121898,5.835081588259666,4.497593466415424,8.036597054022286,7.863301767011201,0.1611800361678508,Later,106,L47285,L,298.8,308.7,1591,31.1,68,0,0,0,0,0,0,2023-01-05 09:00:00,Plant_A,24.99,48.69,1.0,10.560000000000002,0.4869
1,107,6,0.507088708,0.912328661,0.732519484,2.4580835897934232,2.258333454160553,5.752813974867829,6.600409159246691,9.370299601586636,8.104460567017416,0.1500853551155866,Later,107,L47286,L,298.8,308.7,1445,48.5,70,0,0,0,0,0,0,2023-01-05 10:00:00,Plant_A,28.21,59.81,0.2,7.340000000000032,0.5981000000000001
1,108,6,0.516024965,0.952062745,0.718966414,2.502138176493665,2.68357273924532,6.140326261069392,7.841402936807975,10.613833648161574,8.465264146013947,0.143975837043958,Later,108,M14967,M,298.8,308.8,1497,46.8,72,0,0,0,0,0,0,2023-01-05 11:00:00,Plant_A,35.11,77.91,0.0,0.5400000000000205,0.7791
1,109,6,0.573803553,1.0,0.706067788,2.9310339553193065,2.6744835541113248,5.830440214727742,5.8883527494458985,9.18752162053882,8.708388389196672,0.1394584115646607,Later,109,H29522,H,298.9,308.8,1621,32.7,75,0,0,0,0,0,0,2023-01-05 12:00:00,Plant_A,24.58,74.8,0.0,11.07000000000005,0.748
1,110,6,0.614563219,0.7524962,0.746242562,3.435649255081163,1.828529619380756,4.860072795981592,4.305528077466658,7.570012284071047,8.698775034327449,0.1330588675620838,Later,110,L47289,L,298.9,308.7,1572,34.1,80,0,0,0,0,0,0,2023-01-05 13:00:00,Plant_A,21.54,47.69,0.0,14.009999999999993,0.4769
1,111,5,0.332166314,0.484254171,0.513828646,4.673286602305522,4.027850833719296,6.498548051637384,2.7374454762314104,9.36952104009385,8.761619377287424,0.1271305164032383,Later,111,L47290,L,298.8,308.6,1872,22.5,82,0,0,0,0,0,0,2023-01-05 14:00:00,Plant_A,25.8,80.79,0.0,9.650000000000034,0.8079000000000001
1,112,5,0.360851935,0.487696799,0.513182675,4.426466234012368,3.1323973448787874,5.111402797678145,4.185299139191407,8.546852279739227,8.869338586172606,0.1228823754625745,Later,112,H29525,H,298.7,308.6,1499,43.5,84,0,0,0,0,0,0,2023-01-05 15:00:00,Plant_A,23.22,51.22,2.0,12.230000000000018,0.5122
1,113,5,0.433475491,0.422731312,0.51078116,3.2127692557079013,3.214110305523988,4.740696763233442,3.3912128799005856,7.391002769870477,8.705321912587682,0.1155268711758575,Later,113,M14972,M,298.8,308.7,1498,39.5,89,0,0,0,0,0,0,2023-01-05 16:00:00,Plant_A,38.59,51.19,0.0,-3.0400000000000205,0.5119
1,114,5,0.352721691,0.494952581,0.53421464,3.627091790982528,2.3153242632470783,5.589998800803682,3.8834986867202392,8.052711962248363,8.629984621929804,0.1079444633987094,Later,114,M14973,M,298.8,308.6,1486,41.9,92,0,0,0,0,0,0,2023-01-05 17:00:00,Plant_A,36.16,66.85,2.0,-0.7099999999999227,0.6685
1,115,5,0.392139249,0.474232597,0.530914634,4.466857112640348,3.3116378730124905,5.267712942616379,4.298865847812055,8.783439251797063,8.692179151212935,0.1045360504130088,Later,115,L47294,L,298.8,308.6,1680,29.4,95,0,0,0,0,0,0,2023-01-05 18:00:00,Plant_A,32.67,69.65,0.5,2.7800000000000296,0.6965
1,116,5,0.339397396,0.460465256,0.53947398,4.40212005877988,4.267027213848702,5.479967162042798,3.3981166930761297,8.897382728222253,8.778257718632933,0.1014041025959797,Later,116,L47295,L,298.8,308.6,1431,45.7,97,0,0,0,0,0,0,2023-01-05 19:00:00,Plant_A,37.43,69.0,0.2,-1.9799999999999611,0.69
1,117,5,0.318757199,0.406616613,0.500031065,4.100849367546703,4.45847356722412,5.2007468595309145,3.9702576557162415,8.916594968632278,8.732887255337495,0.0951990488726033,Later,117,L47296,L,298.9,308.7,1564,34.1,99,0,0,0,0,0,0,2023-01-05 20:00:00,Plant_A,36.07,44.57,0.0,-0.5199999999999818,0.4457
1,118,5,0.305056143,0.445220359,0.505085578,4.350823861785722,4.958386153114181,6.2457593466891606,2.866069427929343,9.52570865091646,8.624074755612984,0.0853276724681719,Later,118,L47297,L,298.8,308.6,1599,33.0,101,0,0,0,0,0,0,2023-01-05 21:00:00,Plant_A,23.73,83.87,2.0,11.720000000000027,0.8387
1,119,5,0.373906484,0.457196179,0.492139514,4.728668741037078,4.377597816293078,6.113119532435497,5.09265723865039,10.238606295385017,8.729183223097603,0.075424442054606,Later,119,M14978,M,298.8,308.6,1707,28.1,103,0,0,0,0,0,0,2023-01-05 22:00:00,Plant_A,37.85,53.28,0.2,-2.3999999999999773,0.5328
1,120,5,0.308782223,0.444530365,0.509661211,4.060229990468256,3.364636011013634,6.1090898848881645,5.317684903217266,9.66462596346363,8.938644591036862,0.0685799663911676,Later,120,L47299,L,298.7,308.5,1467,40.7,106,0,0,0,0,0,0,2023-01-05 23:00:00,Plant_A,30.79,46.48,1.0,4.560000000000002,0.4648
1,121,5,0.359360883,0.449666552,0.501009905,4.752091023249668,4.31410852239521,6.6959742295637845,3.125964737711363,9.78783060032458,8.980475547059935,0.0626768626108451,Later,121,L47300,L,298.9,308.7,1433,44.7,108,0,0,0,0,0,0,2023-01-06 00:00:00,Plant_A,36.15,84.44,0.2,-0.5999999999999659,0.8443999999999999
1,122,5,0.285749428,0.450416252,0.496400518,4.6298472619278,4.779582173716112,6.776476278431636,5.229997167501569,10.842204229228772,9.21001074200889,0.0590282874825161,Later,122,L47301,L,298.9,308.7,1558,41.2,110,0,0,0,0,0,0,2023-01-06 01:00:00,Plant_A,37.92,87.78,1.0,-2.3700000000000045,0.8778
1,123,5,0.321320018,0.394713847,0.538455814,5.288967897859735,4.611814854087693,6.301358526808954,4.765760926041718,10.567005922234957,9.527611057245338,0.0612674136138173,Later,123,L47302,L,299.0,308.8,1310,50.7,112,0,0,0,0,0,0,2023-01-06 02:00:00,Plant_A,26.36,83.11,2.0,9.29000000000002,0.8311
1,124,5,0.259241491,0.443189227,0.504610131,5.291026753709058,4.089513847805178,6.543510239857662,4.659245081030253,10.452041838994043,9.767544044919903,0.0660711974996499,Later,124,L47303,L,298.9,308.7,1546,43.4,114,0,0,0,0,0,0,2023-01-06 03:00:00,Plant_A,22.2,80.48,0.5,13.350000000000025,0.8048000000000001
1,125,5,0.257590395,0.508308433,0.505802765,4.712502338571926,4.003260276020949,6.936804064074567,5.575253119489845,10.83681083614344,9.972881203354545,0.0710602393796559,Later,125,L47304,L,298.9,308.7,1727,29.4,116,0,0,0,0,0,0,2023-01-06 04:00:00,Plant_A,24.56,72.76,2.0,10.990000000000007,0.7276
1,126,5,0.32946206,0.44287319,0.482792901,5.4333438803764045,3.3607681090516253,6.924124025803239,5.6379513870451525,10.979343212261476,10.181077251758468,0.0748567788597455,Later,126,L47305,L,298.9,308.6,1560,32.2,118,0,0,0,0,0,0,2023-01-06 05:00:00,Plant_A,28.54,67.54,1.0,6.910000000000025,0.6754000000000001
1,127,5,0.253984436,0.446042272,0.514489471,5.328759785063046,4.781939765064137,7.46731008520698,4.670846435347852,11.350777730835995,10.424495527978838,0.0824531161434608,Later,127,L47306,L,299.0,308.6,1329,60.5,120,0,0,0,0,0,0,2023-01-06 06:00:00,Plant_A,36.36,44.35,0.2,-0.9099999999999682,0.4435
1,128,5,0.322975619,0.410125621,0.520382221,4.581990929678661,4.759811898269252,5.670887867892695,4.331592278995192,9.724819333449153,10.444406596232106,0.0925420214977152,Later,128,L47307,L,298.9,308.6,1413,46.5,122,0,0,0,0,0,0,2023-01-06 07:00:00,Plant_A,37.21,60.42,0.2,-1.759999999999934,0.6042000000000001
1,129,5,0.337877108,0.443743662,0.515822406,5.1935097362604665,4.395173254542578,6.623037934807239,5.78742012089536,11.119755143874295,10.532521481081034,0.1047523607004887,Later,129,L47308,L,299.0,308.6,1587,38.6,124,0,0,0,0,0,0,2023-01-06 08:00:00,Plant_A,20.14,58.63,1.0,15.31000000000006,0.5863
1,130,1,0.606749672,0.746001084,0.72153004,4.350289347968267,3.084465764562654,7.752533295053287,6.970511347977393,11.710198435850549,10.737078728319728,0.1169900991976327,Later,130,L47309,L,298.9,308.5,1559,34.3,126,0,0,0,0,0,0,2023-01-06 09:00:00,Plant_A,30.21,52.99,0.0,5.140000000000043,0.5299
1,131,1,0.579703033,0.784197667,0.681284827,4.497634921781955,3.2588708353659253,7.285771799430345,7.255244988246357,11.68631719422674,10.926927387709942,0.1298671221628889,Later,131,L47310,L,298.8,308.4,1473,41.1,128,0,0,0,0,0,0,2023-01-06 10:00:00,Plant_A,28.35,76.17,0.5,6.899999999999977,0.7617
1,132,1,0.658824773,0.791289428,0.721566357,5.234821089653343,2.940597562455219,7.303116596156481,6.51131188155733,11.479684677767192,10.990675432563783,0.1420995588258644,Later,132,L47311,L,298.8,308.4,1737,27.7,130,0,0,0,0,0,0,2023-01-06 11:00:00,Plant_A,24.44,64.79,0.0,10.810000000000002,0.6479
1,133,1,0.54460339,0.921707105,0.700958676,4.789135314642077,4.112844844467114,7.999643801225088,6.042534566059787,11.84727119235134,11.118701959575422,0.1503812287032424,Later,133,M14992,M,298.7,308.4,1441,43.2,132,0,0,0,0,0,0,2023-01-06 12:00:00,Plant_A,22.4,44.05,0.0,12.850000000000025,0.4404999999999999
1,134,1,0.594279463,1.0,0.754941037,4.422894402245458,3.671679304730558,7.82413048827007,8.243660999554166,12.736490426457694,11.347146818321786,0.1571077174666278,Later,134,M14993,M,298.7,308.4,1430,49.6,135,0,0,0,0,0,0,2023-01-06 13:00:00,Plant_A,26.75,51.01,0.2,8.5,0.5101
1,135,1,0.695457128,0.860811126,0.755461158,5.876158783253398,2.1399370361226917,7.6289270455270435,7.323732315898471,12.28601462906036,11.49206719761348,0.1628005580561066,Later,135,L47314,L,298.8,308.4,1369,53.0,138,0,0,0,0,0,0,2023-01-06 14:00:00,Plant_A,38.86,74.16,0.0,-3.6100000000000136,0.7415999999999999
1,136,1,0.598817663,0.768045583,0.653841322,4.872923684839235,3.7609093751423943,8.759047702656877,5.811276360993515,12.18120167173838,11.61225304356117,0.1673591166125214,Later,136,M14995,M,298.8,308.5,1711,28.5,140,0,0,0,0,0,0,2023-01-06 15:00:00,Plant_A,26.46,43.81,0.0,8.890000000000043,0.4381
1,137,1,0.612450414,0.824212357,0.684236838,5.256164755776875,4.282992284761075,8.77980398207253,6.690491649283273,12.954494483535038,11.772624718831077,0.1692306762599644,Later,137,H29550,H,298.7,308.5,1420,45.7,143,0,0,0,0,0,0,2023-01-06 16:00:00,Plant_A,30.38,82.56,2.0,4.970000000000027,0.8256
1,138,1,0.559409286,0.746791898,0.748078538,5.840296305880121,2.8659149179963284,7.494582161868139,7.688522291826477,12.554069701518136,12.055549755637973,0.168854896266903,Later,138,L47317,L,298.7,308.6,1297,55.3,148,0,0,0,0,0,0,2023-01-06 17:00:00,Plant_A,34.06,64.76,0.0,1.3900000000000432,0.6476000000000001
1,139,1,0.655843502,0.763547631,0.714325515,5.549764119339417,4.146781775208301,8.120628960747574,7.328589657222669,12.94791573781627,12.238365815032171,0.1675902688645309,Later,139,H29552,H,298.8,308.6,1449,49.4,150,0,0,0,0,0,0,2023-01-06 18:00:00,Plant_A,27.27,64.03,0.0,8.180000000000064,0.6403
1,140,1,0.49477694,0.803369411,0.768889555,6.277439052632786,4.406044833902892,9.236726363534505,7.416630490186921,14.111803353245298,12.478526306771643,0.1677868240831402,Later,140,L47319,L,298.8,308.6,1268,55.8,155,0,0,0,0,0,0,2023-01-06 19:00:00,Plant_A,39.44,69.62,1.0,-3.989999999999952,0.6962
1,141,1,0.617940586,0.69210152,0.703703863,6.149228586613429,3.185932331498025,8.470744479226745,7.108171831804055,13.047712284309124,12.614665815779883,0.1652655878101493,Later,141,L47320,L,298.8,308.6,1511,36.1,157,0,0,0,0,0,0,2023-01-06 20:00:00,Plant_A,39.25,81.23,0.0,-3.7999999999999545,0.8123
1,142,1,0.58391158,0.950751798,0.691481739,6.097157302148431,3.785202091548974,8.551887042135446,7.396300474411197,13.391904820832178,12.805887830086382,0.1636353867464151,Later,142,L47321,L,298.7,308.5,1544,35.2,159,0,0,0,0,0,0,2023-01-06 21:00:00,Plant_A,25.04,57.39,0.2,10.310000000000002,0.5739
1,143,1,0.614967117,0.714367062,0.714988299,6.684687670640168,4.138096611066493,8.503647653264647,7.367951518941305,13.72616573602663,12.993777284453907,0.1642967285975634,Later,143,M15002,M,298.6,308.4,1778,28.2,161,0,0,0,0,0,0,2023-01-06 22:00:00,Plant_A,29.94,73.9,0.0,5.310000000000002,0.7390000000000001
1,144,1,0.717739157,0.774467999,0.729953488,6.733138752142219,4.041571565711454,8.378359313757366,6.512078090281942,13.201269788195434,13.040255220627683,0.1641981765194262,Later,144,H29557,H,298.6,308.4,1407,50.5,164,0,0,0,0,0,0,2023-01-06 23:00:00,Plant_A,26.02,68.29,0.0,9.230000000000018,0.6829000000000001
1,145,1,0.589739432,0.796680596,0.711254034,6.254946301849605,3.888182558409959,9.83497425894248,6.087353955720962,13.712217679968411,13.18287552571849,0.1644578528416177,Later,145,M15004,M,298.6,308.4,1391,42.4,169,0,0,0,0,0,0,2023-01-07 00:00:00,Plant_A,25.7,53.35,0.2,9.550000000000011,0.5335
1,146,5,0.363892004,0.444679842,0.533981172,7.487737598653139,4.862536695865382,8.989397363625278,6.780019470311822,14.369704466128791,13.40172580515753,0.16630420862328,Later,146,L47325,L,298.5,308.4,1513,33.6,172,0,0,0,0,0,0,2023-01-07 01:00:00,Plant_A,20.74,83.93,0.0,14.509999999999993,0.8393
1,147,5,0.30323932,0.38529205,0.479895831,8.161663048145037,5.464697693382492,8.941206905440438,6.7067734234021,14.879571743510114,13.594233531155036,0.1699010407115455,Later,147,H29560,H,298.5,308.4,1612,36.1,174,0,0,0,0,0,0,2023-01-07 02:00:00,Plant_A,32.19,79.87,1.0,3.0600000000000023,0.7987000000000001
1,148,5,0.407747194,0.434890696,0.503588687,7.772776483485448,6.151668740486021,9.206197426915738,6.728239584802031,15.1090159020614,13.849728151209366,0.172695657918607,Later,148,L47327,L,298.4,308.4,1515,40.1,179,0,0,0,0,0,0,2023-01-07 03:00:00,Plant_A,30.05,72.92,2.0,5.199999999999989,0.7292000000000001
1,149,5,0.250615251,0.452112122,0.491685013,8.50828383227968,8.192036461356757,9.154104207597276,6.672519960390837,16.365222321135594,14.191458809541295,0.1766426450355779,Later,149,M15008,M,298.3,308.3,1379,48.0,181,0,0,0,0,0,0,2023-01-07 04:00:00,Plant_A,21.03,82.53,0.2,14.12000000000006,0.8253
1,150,5,0.313670167,0.496764895,0.484190226,8.051964210151862,5.998266538266696,8.57986606033865,6.713278118214684,14.815381662701355,14.261816640486904,0.1793224338992096,Later,150,L47329,L,298.4,308.3,1473,39.9,184,0,0,0,0,0,0,2023-01-07 05:00:00,Plant_A,25.57,83.36,2.0,9.58000000000004,0.8336
1,151,5,0.311392221,0.476057129,0.508963925,8.551602737884927,6.062065157615607,9.198553310206234,7.944114921802955,16.049949789743785,14.56204039103037,0.1839883861336576,Later,151,L47330,L,298.4,308.3,1422,42.7,186,0,0,0,0,0,0,2023-01-07 06:00:00,Plant_A,38.17,75.42,0.0,-3.019999999999982,0.7542
1,152,5,0.324936121,0.477486538,0.503659175,8.44466254929591,7.6372547687998225,11.19599575746096,7.955468129621879,17.840397420953092,15.00688965104246,0.1905495405301504,Later,152,M15011,M,298.4,308.2,1463,37.6,188,0,0,0,0,0,0,2023-01-07 07:00:00,Plant_A,24.79,81.85,0.0,10.259999999999993,0.8184999999999999
1,153,5,0.291375782,0.472129744,0.536824727,8.812964282859227,6.375306961907513,11.246761285133529,6.27881694720375,16.85900530786945,15.320173608226744,0.1975682316309955,Later,153,M15012,M,298.4,308.2,1584,41.0,191,0,0,0,0,0,0,2023-01-07 08:00:00,Plant_A,22.9,74.87,0.0,12.150000000000034,0.7487
1,154,5,0.311902361,0.404523436,0.504281584,8.857565237363909,7.069029700613394,10.190947464498088,7.297504871097691,16.89782916265182,15.689829545672382,0.2071567434445009,Later,154,L47333,L,298.4,308.2,1850,27.0,194,0,0,0,0,0,0,2023-01-07 09:00:00,Plant_A,29.79,74.01,0.0,5.259999999999991,0.7401000000000001
1,155,5,0.358190493,0.428042594,0.508675634,8.82773366256183,7.836527810880535,9.379984924662288,7.616212164546705,16.891739243491546,16.007781702024694,0.2170452954693732,Later,155,L47334,L,298.4,308.2,1528,36.2,196,0,0,0,0,0,0,2023-01-07 10:00:00,Plant_A,39.71,70.93,0.0,-4.659999999999968,0.7093
1,156,5,0.242733967,0.448566458,0.504517884,8.291406222302404,6.73098836864934,10.31020559837741,5.984451729846966,16.00523737873978,16.17133499328579,0.2243774462085614,Later,156,H29569,H,298.4,308.2,1987,19.8,198,0,0,0,0,0,0,2023-01-07 11:00:00,Plant_A,24.84,77.64,0.5,10.210000000000036,0.7764
1,157,5,0.324548443,0.433085449,0.497602302,8.855587491895886,7.323026122156926,10.517889833341572,7.751676380515873,17.400075708656363,16.42338538980042,0.2309867389139124,Later,157,M15016,M,298.4,308.1,1495,46.0,203,0,0,0,0,0,0,2023-01-07 12:00:00,Plant_A,33.44,47.93,0.0,1.5100000000000475,0.4793
1,158,5,0.325497663,0.43780487,0.504410284,9.849347603929775,7.199433482173609,11.163245349450422,7.1081900699702185,17.9996084260222,16.7124446421965,0.239199061864776,Later,158,H29571,H,298.4,308.2,1478,43.5,206,0,0,0,0,0,0,2023-01-07 13:00:00,Plant_A,35.23,84.04,0.0,-0.1800000000000068,0.8404
1,159,5,0.260964122,0.439467489,0.506497227,8.698847955167322,6.985984951892948,11.644428384389643,7.492086676869415,17.781957616305828,16.85411817171352,0.245319012285553,Later,159,M15018,M,298.4,308.2,1499,40.0,211,0,0,0,0,0,0,2023-01-07 14:00:00,Plant_A,24.75,83.59,0.2,10.300000000000011,0.8359000000000001
1,160,5,0.319007933,0.440040092,0.530755983,9.20490311049765,6.841763544470068,10.48786165525284,6.914998488245703,17.010362014497286,17.073616206893114,0.2514256756999977,Later,160,L47339,L,298.4,308.2,1471,47.0,214,0,0,0,0,0,0,2023-01-07 15:00:00,Plant_A,34.56,41.46,0.0,0.4900000000000091,0.4146
1,161,5,0.26248689,0.478332651,0.499891966,9.579108756735035,7.179309675200312,11.622903528261729,7.851500198724821,18.44016685888817,17.312637913807553,0.2561865964981299,Later,161,L47340,L,298.4,308.2,1282,60.7,216,1,0,0,0,1,0,2023-01-07 16:00:00,Plant_A,27.36,81.29,0.2,7.689999999999998,0.8129000000000001
1,162,5,0.343020988,0.394627196,0.520667966,10.313855712242567,8.116749660960897,11.271250695209115,8.311197151620268,19.19308039474176,17.44790621118642,0.258834596810984,Later,162,L47341,L,298.3,308.1,1412,52.3,218,1,0,0,0,1,0,2023-01-07 17:00:00,Plant_A,32.65,46.44,0.2,2.300000000000068,0.4644
1,163,5,0.358432191,0.435999451,0.489413619,11.152494971112224,7.957999347276992,11.308991275520071,4.804503486618486,18.40338107834163,17.602343788233636,0.2596750450512177,Later,163,L47342,L,298.3,308.1,1586,35.5,0,0,0,0,0,0,0,2023-01-07 18:00:00,Plant_A,32.67,56.76,0.0,2.2800000000000296,0.5676
1,164,5,0.257653254,0.42623071,0.489264485,10.931023328495248,8.037497215561126,11.399363002868377,9.23160305949663,19.981406467451983,17.910701518713655,0.2587242906833388,Later,164,M15023,M,298.4,308.2,1468,43.8,2,0,0,0,0,0,0,2023-01-07 19:00:00,Plant_A,30.72,77.18,0.2,4.329999999999984,0.7718
1,165,5,0.285470983,0.469058497,0.471258548,9.799963678352858,9.398568248381942,10.96044064679966,6.082314091040607,18.47966929061821,18.06949452342632,0.2549699279698026,Later,165,M15024,M,298.5,308.3,1440,43.6,5,0,0,0,0,0,0,2023-01-07 20:00:00,Plant_A,21.81,48.04,0.5,13.340000000000032,0.4804
1,166,5,0.392911933,0.435350393,0.547309163,10.331902364983616,7.38824091949505,11.139070409769223,9.140637461811163,19.208447442886087,18.389815529840952,0.2518988111169294,Later,166,L47345,L,298.5,308.4,1733,26.0,8,0,0,0,0,0,0,2023-01-07 21:00:00,Plant_A,36.71,80.9,0.5,-1.4599999999999795,0.809
1,167,5,0.260644745,0.350734117,0.49262188,10.781425254309182,8.531186258508118,11.56970391122204,7.604571216667323,19.5117354808414,18.60098150705945,0.2473830599510735,Later,167,H29580,H,298.4,308.2,1612,32.6,10,0,0,0,0,0,0,2023-01-07 22:00:00,Plant_A,26.42,81.61,2.0,8.629999999999995,0.8161
1,168,5,0.201622102,0.483722558,0.521797994,11.179948507032492,8.952688668747433,12.80343073125565,8.282198077044104,20.920433229186997,18.89306398737593,0.2435450969020179,Later,168,H29581,H,298.4,308.3,1458,42.9,15,0,0,0,0,0,0,2023-01-07 23:00:00,Plant_A,23.73,65.37,0.0,11.420000000000016,0.6537000000000001
1,169,5,0.200218143,0.417305657,0.502564745,9.81805094004759,9.279141218164538,12.189856780468926,8.60197627470294,20.12667856768488,19.12753608251384,0.240868518785487,Later,169,L47348,L,298.4,308.3,1433,62.3,20,1,0,0,1,0,0,2023-01-08 00:00:00,Plant_A,20.82,40.32,2.0,14.33000000000004,0.4032
1,170,5,0.25837629,0.464301923,0.528519041,10.045916767020678,7.867484954194632,12.714016781224414,9.689982915627876,20.453844499575187,19.47188433102163,0.2367994418911823,Later,170,L47349,L,298.4,308.3,1318,59.1,22,0,0,0,0,0,0,2023-01-08 01:00:00,Plant_A,31.82,54.35,2.0,3.330000000000041,0.5435
1,171,5,0.217531465,0.43082559,0.540976147,11.355527185662975,9.78440286744673,12.785890901273811,8.319686510953886,21.38641454093358,19.766509099226173,0.2338449770090802,Later,171,M15030,M,298.4,308.2,1610,35.0,24,0,0,0,0,0,0,2023-01-08 02:00:00,Plant_A,33.55,70.85,1.0,1.5,0.7084999999999999
1,172,5,0.337865792,0.419587033,0.497469881,12.322026867707214,8.148314792604923,13.198678497294797,8.998955053872878,21.758071748766223,20.023008234628616,0.2337524524401427,Later,172,L47351,L,298.2,308.1,1462,50.8,27,0,0,0,0,0,0,2023-01-08 03:00:00,Plant_A,20.33,89.06,0.0,14.62000000000006,0.8906000000000001
1,173,5,0.401876676,0.454513297,0.506105998,11.343249435635778,9.226580990976943,11.809157826847256,10.20991829089164,21.389196914054068,20.32158981819986,0.235328932398687,Later,173,M15032,M,298.1,308.0,1924,20.8,29,0,0,0,0,0,0,2023-01-08 04:00:00,Plant_A,30.24,71.59,0.0,4.610000000000014,0.7159
1,174,5,0.257485019,0.459344368,0.492869535,11.559886757686993,9.190200281211188,13.947532821237656,10.289203780065098,22.77042268572388,20.60049144002705,0.2392054673054487,Later,174,M15033,M,298.2,308.0,1591,33.7,32,0,0,0,0,0,0,2023-01-08 05:00:00,Plant_A,24.53,52.99,0.2,10.32000000000005,0.5299
1,175,5,0.322542918,0.41937921,0.506238346,12.303610267199398,9.125597018709817,12.849206983137773,9.088441590774297,21.962632747452037,20.948787785710437,0.2456935075224912,Later,175,L47354,L,298.2,308.1,1306,58.3,35,0,0,0,0,0,0,2023-01-08 06:00:00,Plant_A,32.9,71.7,0.2,2.050000000000068,0.7170000000000001
1,176,6,0.555028624,0.905870658,0.71613352,11.518145832571282,5.9202866008541415,13.531954275323454,10.071744999948969,21.266671359431736,21.154610177365,0.2502742036722767,Later,176,L47355,L,298.2,308.1,1382,43.5,37,0,0,0,0,0,0,2023-01-08 07:00:00,Plant_A,23.49,67.0,1.0,11.460000000000036,0.67
1,177,6,0.567340617,0.825114469,0.784614141,11.551830942524594,7.038768220337985,14.009370209074865,9.98716697049717,21.885954718399024,21.39203210112076,0.2547327377995119,Later,177,L47356,L,298.2,308.1,1618,34.7,39,0,0,0,0,0,0,2023-01-08 08:00:00,Plant_A,33.82,78.99,0.2,1.1300000000000523,0.7898999999999999
1,178,6,0.495738026,0.906480768,0.727487459,11.915421454452018,7.623341580682082,15.15576493083448,12.14438230275752,24.02656524447917,21.702645302649977,0.2607210476460948,Later,178,L47357,L,298.2,308.2,1988,21.4,41,0,0,0,0,0,0,2023-01-08 09:00:00,Plant_A,27.73,45.35,0.0,7.319999999999993,0.4535
1,179,6,0.524489756,0.939942199,0.764217591,11.022764821883191,8.551665377294855,16.0606926257069,11.446413967675694,24.157784778009063,22.105755923682395,0.2672009699728032,Later,179,L47358,L,298.2,308.2,1436,50.2,43,0,0,0,0,0,0,2023-01-08 10:00:00,Plant_A,38.73,78.05,2.0,-3.680000000000007,0.7805
1,180,6,0.547716818,0.956457542,0.75811984,12.306627507531504,6.433633029936313,15.64686045155768,11.69279792272788,23.96644487247301,22.45701596097218,0.2742674516554051,Later,180,L47359,L,298.2,308.3,1304,49.8,45,0,0,0,0,0,0,2023-01-08 11:00:00,Plant_A,22.75,67.06,0.0,12.400000000000034,0.6706
1,181,6,0.552213847,0.91956832,0.735339325,11.94053443992518,7.503637125579514,15.768764010446532,11.885671344027545,24.265284555075915,22.74490296238641,0.2811252937620045,Later,181,L47360,L,298.2,308.3,1475,49.9,47,0,0,0,0,0,0,2023-01-08 12:00:00,Plant_A,26.82,88.15,0.5,8.330000000000041,0.8815000000000001
1,182,6,0.564097108,0.866863801,0.738515605,12.450047531388638,7.210012154272636,14.478541143683222,13.02600936022584,24.21348864374183,22.990444651883973,0.285457869889846,Later,182,H29595,H,298.2,308.3,1824,24.2,49,0,0,0,0,0,0,2023-01-08 13:00:00,Plant_A,22.27,57.09,0.0,12.880000000000052,0.5709000000000001
1,183,6,0.504311168,0.755173672,0.662924312,12.650318061447074,8.26695123610905,14.650988299737422,12.556861248639994,24.50916670090231,23.3024416305688,0.2883513895000992,Later,183,M15042,M,298.1,308.2,1342,48.1,54,0,0,0,0,0,0,2023-01-08 14:00:00,Plant_A,38.49,71.63,0.0,-3.4399999999999977,0.7162999999999999
1,184,6,0.542162732,0.916446263,0.730207869,12.682776882255617,8.451145396793699,15.59968535495464,11.878354785372627,24.833851564821675,23.50878451847857,0.2904898952198981,Later,184,L47363,L,298.1,308.2,1485,40.7,57,0,0,0,0,0,0,2023-01-08 15:00:00,Plant_A,37.55,86.6,0.0,-2.5,0.866
1,185,6,0.515050565,0.886164627,0.755953159,12.2054592004516,7.89871366940989,15.681262968448282,12.017327879062275,24.529188522324297,23.765440095965804,0.2903839972342038,Later,185,L47364,L,298.2,308.2,1667,30.6,59,0,0,0,0,0,0,2023-01-08 16:00:00,Plant_A,25.16,45.13,0.0,9.889999999999986,0.4513
1,186,6,0.530479959,0.934211857,0.775431774,13.767360677667796,8.441400968598433,15.970852605672007,12.80164370738348,26.071971250838317,24.24597008510646,0.2936351817923449,Later,186,L47365,L,298.2,308.2,1446,38.2,61,0,0,0,0,0,0,2023-01-08 17:00:00,Plant_A,33.2,86.86,1.0,1.8500000000000227,0.8686
1,187,6,0.490450825,0.865055348,0.772249208,13.096752614930356,9.418561081748075,16.16029199777184,14.287640024048072,26.93558829536369,24.750933442802925,0.2986280807920572,Later,187,L47366,L,298.1,308.3,1301,56.0,63,0,0,0,0,0,0,2023-01-08 18:00:00,Plant_A,36.34,74.39,0.0,-1.1899999999999975,0.7439
1,188,6,0.526043136,0.830060514,0.707845549,12.97832495543263,9.80264055093772,15.126194678508604,13.865693301691923,26.183733435253654,24.96665026188037,0.3020664292486343,Later,188,L47367,L,298.2,308.4,1379,43.1,65,0,0,0,0,0,0,2023-01-08 19:00:00,Plant_A,31.1,43.39,0.2,4.149999999999977,0.4339
1,189,6,0.485570428,0.899322994,0.754706144,13.852969764160134,8.446420953014862,16.39353676697296,15.04534639205592,27.53828778245495,25.304700562324964,0.3049030462445612,Later,189,L47368,L,298.3,308.5,1606,33.6,67,0,0,0,0,0,0,2023-01-08 20:00:00,Plant_A,30.59,55.05,0.0,4.760000000000048,0.5505
1,190,6,0.544320192,0.824408639,0.757377717,13.578292788494428,9.569588992860869,17.047872326975863,13.72129413008385,27.47455062459633,25.655511137537296,0.3088993513518234,Later,190,M15049,M,298.3,308.4,1539,43.4,69,0,0,0,0,0,0,2023-01-08 21:00:00,Plant_A,24.84,75.41,2.0,10.410000000000023,0.7541
1,191,6,0.556989312,0.875544588,0.776584921,14.071965207298971,10.283887412271987,17.717046880858227,11.697114102305578,27.46806825396725,25.97578950742643,0.312824344840406,Later,191,L47370,L,298.2,308.4,1477,49.9,72,0,0,0,0,0,0,2023-01-08 22:00:00,Plant_A,21.86,43.37,0.5,13.389999999999986,0.4337
1,192,6,0.479900376,0.990011276,0.785237663,14.259190871473916,10.512051250940123,17.15464345503786,13.699010486828032,28.20943860127696,26.37538450317994,0.3171705608450554,Later,192,L47371,L,298.2,308.4,1666,34.6,74,0,0,0,0,0,0,2023-01-08 23:00:00,Plant_A,37.94,69.11,0.2,-2.6899999999999977,0.6911
1,193,6,0.517009909,0.967843289,0.748598566,14.777809387074674,8.826386534168522,17.169295686494234,10.70279676261421,26.563571342034532,26.580824967293164,0.3196136411625201,Later,193,H29606,H,298.2,308.4,1398,51.8,76,0,0,0,0,0,0,2023-01-09 00:00:00,Plant_A,38.01,57.29,0.0,-2.759999999999991,0.5729
1,194,6,0.528243186,0.828523407,0.741086622,15.268087380872185,9.74017088052536,17.183655015015933,10.23326016697188,26.981160730624584,26.795555883873455,0.3201156321380372,Later,194,H29607,H,298.2,308.4,1678,34.6,81,0,0,0,0,0,0,2023-01-09 01:00:00,Plant_A,32.66,71.05,0.5,2.590000000000032,0.7105
1,195,6,0.53834562,0.861811553,0.738244693,15.0563293660771,9.414188543844174,17.55967772634523,13.06461602589828,28.18415288200278,27.161052319841303,0.3220225303729885,Later,195,M15054,M,298.2,308.5,2678,10.7,86,1,0,0,1,0,0,2023-01-09 02:00:00,Plant_A,26.78,42.29,0.2,8.57000000000005,0.4229
1,196,6,0.516164665,0.894867413,0.735710267,15.556200390364795,10.258752514834654,17.799849506688187,15.212705842650752,29.92487987046197,27.546343181803667,0.3233416598363376,Later,196,L47375,L,298.3,308.5,1453,42.9,89,0,0,0,0,0,0,2023-01-09 03:00:00,Plant_A,26.98,83.58,1.0,8.370000000000005,0.8358
1,197,6,0.513183144,0.810129204,0.701530861,15.01266540162771,8.538551756632119,17.645579207588273,14.150431948840566,28.45853436970981,27.69863778923828,0.3209735651878457,Later,197,H29610,H,298.3,308.6,1432,49.5,91,0,0,0,0,0,0,2023-01-09 04:00:00,Plant_A,34.52,88.67,1.0,0.9300000000000636,0.8867
1,198,6,0.54568297,0.867822911,0.726619191,15.853173488302584,9.332246648889614,18.032314457185144,13.244070315020458,28.96521535148575,27.97678598086149,0.3179998175293684,Later,198,M15057,M,298.4,308.6,1527,40.9,96,0,0,0,0,0,0,2023-01-09 05:00:00,Plant_A,37.94,88.44,1.0,-2.4899999999999523,0.8844
1,199,6,0.508986779,0.985171209,0.690258472,16.07070320968277,10.108947780199497,18.08847350153841,15.180145624581428,30.29996735436961,28.25295393805296,0.3159014329324665,Later,199,L47378,L,298.4,308.7,1588,35.0,99,0,0,0,0,0,0,2023-01-09 06:00:00,Plant_A,37.74,77.48,1.0,-2.1899999999999977,0.7748
1,200,6,0.521878986,0.868627032,0.701406274,16.280272938865284,10.42691919442173,17.691991594484403,14.847910512470255,30.120341034201143,28.517532979013435,0.3138850532472887,Later,200,L47379,L,298.4,308.6,1433,47.1,101,0,0,0,0,0,0,2023-01-09 07:00:00,Plant_A,35.6,46.5,0.0,-0.1499999999999772,0.465
1,201,6,0.51060916,0.858852545,0.756522803,16.3027400926703,9.306615674978383,17.140982050530617,13.7085376165749,28.881303625227428,28.65885651613946,0.3093196060425712,Later,201,L47380,L,298.4,308.6,1609,35.0,103,0,0,0,0,0,0,2023-01-09 08:00:00,Plant_A,32.84,77.91,0.0,2.6100000000000136,0.7791
1,202,6,0.550827121,0.844457106,0.754741531,16.70215348664517,9.70389981545889,20.64307129819658,14.276689804736348,31.67156243577204,29.00506889958897,0.3046838608359611,Later,202,L47381,L,298.3,308.5,1575,41.2,105,0,0,0,0,0,0,2023-01-09 09:00:00,Plant_A,21.68,41.23,0.2,13.670000000000016,0.4122999999999999
1,203,6,0.485718044,0.889340714,0.707216532,17.07433487616172,10.856342367106013,19.77828770742222,13.438312470252187,31.32350535525738,29.481062300911248,0.3027297417061133,Later,203,M15062,M,298.4,308.5,1636,35.7,107,0,0,0,0,0,0,2023-01-09 10:00:00,Plant_A,23.23,41.11,0.0,12.120000000000005,0.4111
1,204,2,0.309963868,0.227439877,0.802064384,20.879357836503623,12.2241936174576,19.188212467661103,11.635844914450743,32.99937693107418,30.08288392095621,0.3033399609869993,Later,204,L47383,L,298.4,308.5,1490,37.9,110,0,0,0,0,0,0,2023-01-09 11:00:00,Plant_A,37.97,56.18,1.0,-2.6200000000000045,0.5618
1,205,2,0.24799359,0.392838273,0.818548372,21.456833188421992,11.897170007022352,19.44439942226213,14.563382939044674,34.52702037786472,30.7171706705424,0.3071780122712031,Later,205,L47384,L,298.4,308.5,1741,32.8,112,0,0,0,0,0,0,2023-01-09 12:00:00,Plant_A,32.13,64.43,2.0,3.2200000000000277,0.6443000000000001
1,206,2,0.2589898,0.255825763,0.80904715,20.733711004528388,13.639129088881797,19.2907420294597,12.541628284298938,33.84283945521081,31.10896662901729,0.3137467341071546,Later,206,M15065,M,298.5,308.6,1344,53.0,114,0,0,0,0,0,0,2023-01-09 13:00:00,Plant_A,20.18,78.52,0.0,15.27000000000004,0.7852
1,207,2,0.272085278,0.264959792,0.778754241,20.279778737019324,12.82830634578691,19.332605443175336,13.0297159912814,33.45680799715903,31.60879399176221,0.3251086569325474,Later,207,L47386,L,298.5,308.7,1609,35.3,117,0,0,0,0,0,0,2023-01-09 14:00:00,Plant_A,22.03,74.16,2.0,13.52000000000004,0.7415999999999999
1,208,2,0.255908818,0.292619264,0.767551359,19.94815229617836,13.794416176516682,18.32617039880693,12.710022193043631,32.94856420720393,32.007128877334026,0.3352545609072434,Later,208,M15067,M,298.4,308.7,1421,60.7,119,1,0,0,1,0,0,2023-01-09 15:00:00,Plant_A,33.27,62.3,0.5,2.2800000000000296,0.623
1,209,2,0.285225619,0.387165565,0.810676886,21.39582397452645,13.41877104504085,19.999234515902035,12.970718960983511,34.72828287570539,32.4499604294676,0.3464770803473276,Later,209,L47388,L,298.4,308.6,1591,36.7,122,0,0,0,0,0,0,2023-01-09 16:00:00,Plant_A,20.1,53.68,2.0,15.350000000000025,0.5367999999999999
1,210,2,0.264170902,0.210996434,0.801957247,21.446982484238745,13.108864357980153,21.07227555902641,13.541343094994197,35.48554850198958,32.98648117624645,0.3601585445497972,Later,210,L47389,L,298.4,308.6,1477,44.0,124,0,0,0,0,0,0,2023-01-09 17:00:00,Plant_A,23.22,89.86,0.5,12.230000000000018,0.8986
1,211,2,0.277053096,0.305639087,0.80159172,21.424510731160183,12.781043417925243,21.02143389809908,15.89100166399626,36.2875922036413,33.72711003408783,0.3784534328043254,Later,211,L47390,L,298.4,308.7,1523,36.1,126,0,0,0,0,0,0,2023-01-09 18:00:00,Plant_A,30.97,61.31,0.5,4.579999999999984,0.6131
1,212,2,0.298838996,0.337677761,0.814528949,22.45314842971212,14.056951362231208,19.91633231388979,14.87209385842472,36.32604058492891,34.19255784900352,0.3980508491347194,Later,212,L47391,L,298.5,308.7,1575,33.9,128,0,0,0,0,0,0,2023-01-09 19:00:00,Plant_A,33.84,62.57,1.0,1.7099999999999795,0.6257
1,213,2,0.275205111,0.433373412,0.819113448,22.44349153144186,13.608725853459664,20.9245487438572,15.656289661933377,37.038680829491504,34.76407539642694,0.4173014507702067,Later,213,H29626,H,298.4,308.7,1344,52.9,130,0,0,0,0,0,0,2023-01-09 20:00:00,Plant_A,33.04,48.18,0.5,2.509999999999991,0.4818
1,214,2,0.273637621,0.321809965,0.789387739,22.25091032625063,13.559825864841889,19.76683184191,15.466921507558286,36.17907115749377,35.08204481906889,0.4321793211426235,Later,214,L47393,L,298.4,308.7,1386,44.9,135,0,0,0,0,0,0,2023-01-09 21:00:00,Plant_A,24.49,79.74,0.0,11.060000000000002,0.7974
1,215,2,0.242825829,0.35908243,0.789567534,23.68585117242508,14.304527227597443,20.487925723590397,14.153422404672677,37.22517308472581,35.35186008975501,0.4442218061225365,Later,215,M15074,M,298.3,308.6,1589,37.1,137,0,0,0,0,0,0,2023-01-09 22:00:00,Plant_A,34.24,74.68,0.2,1.2100000000000364,0.7468
1,216,2,0.274978068,0.394611231,0.791181038,23.083871269904005,13.43765031552642,20.586760361569507,15.558825225271148,37.139295946249305,35.68150573885885,0.4547400504215136,Later,216,L47395,L,298.3,308.6,1548,40.3,140,0,0,0,0,0,0,2023-01-09 23:00:00,Plant_A,24.74,51.04,0.2,10.710000000000036,0.5104
1,217,2,0.317185417,0.345857404,0.805923923,23.90947861414384,14.164773121111445,21.05028354832612,12.391325750589118,36.99950481418508,36.03577542056146,0.460490614716254,Later,217,L47396,L,298.3,308.6,1499,38.3,142,0,0,0,0,0,0,2023-01-10 00:00:00,Plant_A,26.51,44.12,1.0,8.940000000000055,0.4412
1,218,2,0.257000282,0.331521685,0.801111943,23.310136601665167,15.026265802618749,19.641033962751315,15.771809106540498,37.46560168979465,36.487479168820535,0.4645488541826968,Later,218,L47397,L,298.3,308.5,1664,31.6,144,0,0,0,0,0,0,2023-01-10 01:00:00,Plant_A,34.93,74.02,0.0,0.4200000000000159,0.7402
1,219,2,0.284175282,0.298102962,0.759202865,24.675523843946056,14.80409370814237,22.241164418342244,14.460892831026186,39.13859327628892,36.92851020887888,0.4664700489019303,Soon,219,L47398,L,298.3,308.6,1447,38.1,146,0,0,0,0,0,0,2023-01-10 02:00:00,Plant_A,32.99,72.73,2.0,2.4600000000000364,0.7273000000000001
1,220,2,0.268525915,0.303779991,0.765738871,24.345819042231103,14.193968829667842,21.72009721667916,15.340281319727248,38.746283822387554,37.25458374091868,0.4641810514612198,Later,220,M15079,M,298.3,308.5,1434,46.2,148,0,0,0,0,0,0,2023-01-10 03:00:00,Plant_A,36.98,53.66,0.0,-1.6299999999999957,0.5366
1,221,2,0.297533863,0.379779369,0.805037037,25.474696820725903,14.134569466806822,21.174658571895787,14.685241307948512,38.89432747881016,37.51525726843557,0.4547089636285208,Later,221,L47400,L,298.3,308.5,1416,52.7,151,0,0,0,0,0,0,2023-01-10 04:00:00,Plant_A,33.15,87.54,2.0,2.200000000000045,0.8754000000000001
1,222,2,0.248001415,0.318213859,0.787337996,24.52994346758284,15.31172851679618,20.67324522808722,15.47310818045786,38.76812223618346,37.75946543356103,0.4408741793185538,Later,222,H29635,H,298.4,308.5,1827,24.3,153,0,0,0,0,0,0,2023-01-10 05:00:00,Plant_A,31.37,47.55,0.0,3.980000000000018,0.4755
1,223,2,0.265550114,0.273116798,0.828325951,25.521820479026623,15.716854758922354,22.909084664915223,13.67369539589008,40.12703515138593,38.06830086575046,0.4258025089720614,Later,223,L47402,L,298.4,308.6,1304,45.0,158,0,0,0,0,0,0,2023-01-10 06:00:00,Plant_A,21.87,61.62,0.5,13.58000000000004,0.6162
1,224,2,0.305069257,0.355312512,0.823737746,25.35825344077272,14.336627821965868,22.49447315365241,15.096837165438693,39.78059488911884,38.42845323891297,0.4124651784611733,Later,224,L47403,L,298.4,308.6,1569,34.4,160,0,0,0,0,0,0,2023-01-10 07:00:00,Plant_A,27.35,87.18,0.0,8.100000000000023,0.8718
1,225,4,0.552779919,0.411608708,0.344422528,25.244161608915743,14.969025659970145,22.851326716381223,16.32999314895221,40.622545876514494,38.76819051809184,0.4014465632959967,Later,225,L47404,L,298.3,308.6,1584,29.3,162,0,0,0,0,0,0,2023-01-10 08:00:00,Plant_A,25.3,60.99,0.0,10.150000000000034,0.6099
1,226,4,0.476444964,0.34486223,0.404429044,25.673454377812035,15.746498343137148,21.636794356104797,16.964363751984408,40.78012968687113,39.132273892154025,0.389708594401538,Later,226,L47405,L,298.3,308.5,1362,53.8,164,0,0,0,0,0,0,2023-01-10 09:00:00,Plant_A,24.88,71.93,0.0,10.470000000000027,0.7193
1,227,4,0.491821597,0.471654219,0.254179531,22.387046557915227,16.631066598456275,25.22652849688723,16.348441173183822,41.00513990447865,39.53283740118338,0.3795198486370998,Later,227,L47406,L,298.3,308.4,1329,49.2,166,0,0,0,0,0,0,2023-01-10 10:00:00,Plant_A,39.46,59.88,0.2,-4.20999999999998,0.5988
1,228,4,0.527970656,0.288864808,0.343424753,24.70907444811779,16.14762632088276,23.263718190212835,13.761343051469282,40.023235032857535,39.78860073548967,0.3673585082335516,Later,228,L47407,L,298.3,308.5,1539,36.1,168,0,0,0,0,0,0,2023-01-10 11:00:00,Plant_A,27.86,53.71,0.0,7.490000000000009,0.5371
1,229,4,0.426209286,0.273665055,0.413805511,28.24470084985273,17.018281978179406,25.139914337856627,13.605615474921375,43.640727685874886,40.23881417644826,0.3569194041132434,Later,229,M15088,M,298.3,308.5,1629,37.1,170,0,0,0,0,0,0,2023-01-10 12:00:00,Plant_A,37.84,89.2,0.2,-2.490000000000009,0.892
1,230,4,0.409361093,0.304936291,0.346300215,25.89017332104869,16.528293711041403,24.726601986492387,15.5384606969604,42.383182681598896,40.6025040623694,0.3484346879785704,Later,230,L47409,L,298.3,308.5,1538,32.2,173,0,0,0,0,0,0,2023-01-10 13:00:00,Plant_A,32.62,60.47,0.0,2.730000000000018,0.6047
1,231,4,0.524793117,0.44239597,0.336308066,25.62854729625726,15.787470093517332,26.785213140185057,15.795606705237171,43.27834888973787,41.04090620346217,0.3464543334402784,Later,231,L47410,L,298.3,308.6,1570,34.8,175,0,0,0,0,0,0,2023-01-10 14:00:00,Plant_A,35.9,84.7,0.0,-0.4499999999999318,0.847
1,232,4,0.483239354,0.278814379,0.281636653,28.31013540784045,18.644376445888792,25.57519088265592,18.434520530063303,46.29253153289293,41.79334713313312,0.3515741213367446,Later,232,L47411,L,298.3,308.4,1408,43.1,177,0,0,0,0,0,0,2023-01-10 15:00:00,Plant_A,30.05,51.5,1.0,5.199999999999989,0.515
1,233,4,0.453776443,0.29031258,0.391321889,28.219346829524003,16.97051787839596,24.11881194259675,19.274524145506334,45.13927760946089,42.29457137894061,0.3614484585549969,Later,233,L47412,L,298.2,308.4,1424,47.6,179,0,0,0,0,0,0,2023-01-10 16:00:00,Plant_A,31.54,50.66,1.0,3.70999999999998,0.5065999999999999
1,234,4,0.418963381,0.403827019,0.327749916,27.246205713108143,16.91955726242834,25.46861480258772,16.15193450876663,44.02456668788093,42.718968558816826,0.3710821283507683,Later,234,L47413,L,298.2,308.4,1512,34.9,181,0,0,0,0,0,0,2023-01-10 17:00:00,Plant_A,29.85,41.56,0.5,5.399999999999977,0.4156
1,235,4,0.392630362,0.360477567,0.27399691,26.575265800137604,16.40655821163871,27.1550763641694,16.13187495570434,44.41908898919704,43.09862287008508,0.3789155764315104,Later,235,L47414,L,298.2,308.4,1478,42.9,183,0,0,0,0,0,0,2023-01-10 18:00:00,Plant_A,23.9,72.58,0.0,11.350000000000025,0.7258
1,236,4,0.391359772,0.376253886,0.358151758,27.23096720770978,19.28733018962547,27.347351374552257,16.268747905258063,46.10939672690446,43.63154957408841,0.387917927103668,Later,236,M15095,M,298.1,308.3,1680,33.7,185,0,0,0,0,0,0,2023-01-10 19:00:00,Plant_A,34.45,58.43,0.5,0.7000000000000455,0.5843
1,237,4,0.556916636,0.31185481,0.247633426,29.581474478410588,17.350858508457044,26.8551319246568,18.12080943096209,47.17708944414989,44.24874452805553,0.3993761272274591,Later,237,L47416,L,298.1,308.3,1495,38.7,188,0,0,0,0,0,0,2023-01-10 20:00:00,Plant_A,25.62,83.22,0.2,9.53000000000003,0.8321999999999999
1,238,4,0.364040553,0.34791843,0.276612302,28.701865460292,17.883555302411995,29.598559803364008,17.55333944102429,48.24741546570412,45.0711625713402,0.4173649915022716,Later,238,M15097,M,298.0,308.1,1552,36.6,190,0,0,0,0,0,0,2023-01-10 21:00:00,Plant_A,20.49,63.66,0.5,14.460000000000036,0.6365999999999999
1,239,4,0.500526952,0.290733218,0.335298381,29.01837424036657,19.500467739337733,27.90452928030949,18.426483130807963,48.379048363238006,45.544994639076506,0.4361787387268415,Soon,239,L47418,L,297.9,308.1,1393,50.3,193,0,0,0,0,0,0,2023-01-10 22:00:00,Plant_A,32.91,88.41,0.0,2.0400000000000773,0.8841
1,240,4,0.579590986,0.375282798,0.404877849,29.00859067845695,18.805350322506804,25.89676772335835,17.850480556171995,46.73779807079401,45.98045617799602,0.4534047750881867,Soon,240,L47419,L,298.0,308.2,1611,30.6,195,0,0,0,0,0,0,2023-01-10 23:00:00,Plant_A,23.54,49.28,0.2,11.509999999999993,0.4928
1,241,4,0.540473837,0.318186668,0.296233183,30.639945918393188,19.300110783595027,28.21926488728096,17.749222632638137,49.22054832062096,46.57467612108432,0.4701139528949291,Soon,241,M15100,M,298.0,308.1,1339,51.6,197,0,0,0,0,0,0,2023-01-11 00:00:00,Plant_A,38.81,83.43,1.0,-3.859999999999957,0.8343
1,242,4,0.388532565,0.370235417,0.310830235,29.77422486700474,18.572917846224293,28.410057319986617,18.42449590555221,48.76526581545717,46.82194954934074,0.4805883404003247,Soon,242,L47421,L,298.0,308.1,1777,24.3,200,0,0,0,0,0,0,2023-01-11 01:00:00,Plant_A,39.08,78.83,0.0,-4.129999999999939,0.7883
1,243,4,0.409643591,0.291721958,0.33972569,30.26686821421193,18.53916096927983,30.34126530243854,17.406431707027863,49.83332264525141,47.2913540529198,0.4890170597947587,Soon,243,L47422,L,298.0,308.2,1348,58.8,202,1,0,0,0,1,0,2023-01-11 02:00:00,Plant_A,38.3,78.55,1.0,-3.25,0.7855
1,244,4,0.625932313,0.29624191,0.33919089,31.16646443812043,18.2419141082417,27.83684892625853,18.59105192952683,49.240565653684335,47.81295394950014,0.4967145697885162,Soon,244,L47423,L,298.0,308.2,1442,44.1,204,0,0,0,0,0,0,2023-01-11 03:00:00,Plant_A,27.4,82.24,0.0,7.650000000000034,0.8223999999999999
1,245,4,0.499254513,0.309345239,0.345159561,30.207065158751107,20.2390483081787,28.75426746033736,19.74632866909409,50.38661781678077,48.40970683225852,0.5041893626499354,Soon,245,M15104,M,298.0,308.2,1395,49.1,206,0,0,0,0,0,0,2023-01-11 04:00:00,Plant_A,20.31,78.05,0.2,14.740000000000007,0.7805
1,246,4,0.541374256,0.32628509,0.348853705,34.2227181592617,21.108824862912147,27.22553965382836,20.25005180267332,52.61246556429847,49.06001371599791,0.5122044179309203,Soon,246,M15105,M,297.9,308.1,1627,31.4,209,0,0,0,0,0,0,2023-01-11 05:00:00,Plant_A,38.57,71.31,0.2,-3.619999999999948,0.7131000000000001
1,247,4,0.529863251,0.438022772,0.327423201,29.976211101686825,17.85292833265114,28.449757816024253,20.358678074147363,49.40814482229495,49.283119253812416,0.5148024500994265,Soon,247,L47426,L,297.9,308.1,1585,33.5,212,0,0,0,0,0,0,2023-01-11 06:00:00,Plant_A,28.56,46.56,0.0,6.390000000000043,0.4656
1,248,4,0.473448905,0.262746891,0.351091266,31.8751459304512,19.161192539786303,28.976397538023782,17.970458385423992,50.45537846947705,49.50391555418971,0.5099310055930023,Soon,248,L47427,L,298.0,308.2,1469,45.5,214,0,0,0,0,0,0,2023-01-11 07:00:00,Plant_A,39.33,41.63,0.0,-4.279999999999973,0.4163
1,249,4,0.507588633,0.308897377,0.269051275,34.00949986185504,19.660901092425497,31.576156658483225,21.29432254593156,54.714705104120775,50.13748122827799,0.5066096365981635,Soon,249,L47428,L,298.0,308.3,1362,56.8,216,1,0,0,0,1,0,2023-01-11 08:00:00,Plant_A,39.27,86.04,0.0,-4.119999999999948,0.8604
1,250,4,0.338273042,0.321335637,0.306446503,35.578112456688096,22.333595756688705,29.95192357187894,17.129028854541634,54.36095051191918,50.899796472390506,0.5050357436475524,Soon,250,L47429,L,298.0,308.3,1405,56.2,218,1,0,0,0,1,0,2023-01-11 09:00:00,Plant_A,37.06,70.83,2.0,-1.909999999999968,0.7082999999999999
1,251,4,0.497114241,0.248168145,0.331338479,34.21547504292637,16.89726444983814,28.92125844346049,20.373603952184467,52.03594148523482,51.18133578885189,0.4989213297613548,Soon,251,L47430,L,298.0,308.3,1662,32.7,0,0,0,0,0,0,0,2023-01-11 10:00:00,Plant_A,25.89,79.83,0.2,9.260000000000048,0.7983
1,252,4,0.510400453,0.317787725,0.322793196,34.03026148384345,20.50887736684324,33.3766097709007,18.16305220429302,54.97788003080722,51.8025972103869,0.4983139590040875,Soon,252,M15111,M,298.0,308.2,1466,42.6,2,0,0,0,0,0,0,2023-01-11 11:00:00,Plant_A,27.7,64.08,0.2,7.350000000000023,0.6408
1,253,4,0.459543966,0.322148525,0.426167697,34.33823731549814,20.33057169094868,33.04026376592167,20.42987820396184,55.69098347458648,52.3883632933204,0.4989372383093672,Soon,253,L47432,L,298.0,308.2,1620,35.8,5,0,0,0,0,0,0,2023-01-11 12:00:00,Plant_A,37.02,45.87,0.0,-1.9699999999999704,0.4587
1,254,4,0.617527551,0.415119992,0.247414287,34.67724864603919,22.462801232535806,31.812512944146103,21.092241011486824,56.24951220748274,53.08925794870024,0.5010956720513795,Soon,254,L47433,L,298.0,308.2,1357,48.2,7,0,0,0,0,0,0,2023-01-11 13:00:00,Plant_A,26.34,46.26,0.5,8.710000000000036,0.4625999999999999
1,255,4,0.436310572,0.317528687,0.339321996,36.990582677934015,22.807420421272948,32.04276301571899,21.40889734586751,58.082365485344965,53.85883271555666,0.5046481526559039,Soon,255,L47434,L,298.0,308.2,1514,37.9,9,0,0,0,0,0,0,2023-01-11 14:00:00,Plant_A,23.39,74.28,0.0,11.660000000000023,0.7428
1,256,4,0.573715109,0.260542122,0.336356299,35.93158271590665,22.76247342471084,31.171632525796458,17.0894852013968,55.434014933547445,54.14098765248157,0.5044652835571929,Soon,256,L47435,L,298.0,308.2,1489,40.4,11,0,0,0,0,0,0,2023-01-11 15:00:00,Plant_A,31.14,61.52,1.0,3.910000000000025,0.6152000000000001
1,257,4,0.454956426,0.323392399,0.331771473,36.53963360884188,23.234136761706253,33.068972798229524,18.85280789009818,57.653753239499245,54.965548494202,0.5100033722548847,Soon,257,L47436,L,298.1,308.3,1331,63.0,13,0,0,0,0,0,0,2023-01-11 16:00:00,Plant_A,38.72,50.03,0.0,-3.569999999999993,0.5003
1,258,4,0.447182871,0.300087889,0.255632406,37.201265077484855,22.983463583090664,33.15622399615897,21.476635704532924,58.93008393434745,55.81301904068903,0.5245182364111758,Soon,258,L47437,L,298.0,308.0,1615,29.5,15,0,0,0,0,0,0,2023-01-11 17:00:00,Plant_A,33.92,64.58,0.2,0.9300000000000068,0.6457999999999999
1,259,4,0.464502043,0.352474305,0.321789735,38.028614561576354,23.675758105534864,33.192156097970326,21.528906884721277,59.76562645390547,56.318111175667504,0.5375770938369067,Soon,259,L47438,L,298.1,308.2,1482,37.9,17,0,0,0,0,0,0,2023-01-11 18:00:00,Plant_A,31.4,43.21,0.2,3.650000000000034,0.4321
1,260,4,0.504213082,0.361116622,0.369860685,39.07637709425842,21.091620450058624,34.84531845508281,20.34250999089569,59.99861357554723,56.88187748203031,0.5493652889055106,Soon,260,M15119,M,298.1,308.2,1420,63.9,19,1,0,0,1,0,0,2023-01-11 19:00:00,Plant_A,21.94,69.1,1.0,13.110000000000014,0.691
1,261,4,0.585265235,0.359042846,0.323405652,39.066164818808325,23.68618245603582,33.54646163015602,21.15235206281272,60.49783102462124,57.72806643596895,0.5662312030129285,Soon,261,M15120,M,298.2,308.3,1522,49.1,22,0,0,0,0,0,0,2023-01-11 20:00:00,Plant_A,32.3,53.45,0.0,2.8500000000000227,0.5345
1,262,4,0.362265469,0.364963591,0.296257028,38.34846467649492,24.955972524875197,32.62472806972724,19.152517160738505,59.36831733275532,58.16711016616375,0.5765014721859952,Soon,262,L47441,L,298.1,308.2,1654,32.1,25,0,0,0,0,0,0,2023-01-11 21:00:00,Plant_A,39.8,79.88,0.5,-4.75,0.7988
1,263,4,0.566772114,0.409669089,0.313995881,39.659547119610814,21.973641171713325,35.244618946993505,19.705692052856207,60.71423266480949,58.66943508518606,0.5842990697823259,Soon,263,M15122,M,298.1,308.2,1736,26.8,27,0,0,0,0,0,0,2023-01-11 22:00:00,Plant_A,22.8,55.52,0.2,12.25,0.5552
1,264,4,0.51198687,0.395803906,0.264833589,41.16523119665785,22.072089421051807,36.84675313647521,21.17688951838785,63.14980013633891,59.35946387807168,0.5930801131143562,Soon,264,M15123,M,298.0,308.1,1587,32.3,30,0,0,0,0,0,0,2023-01-11 23:00:00,Plant_A,30.37,62.76,0.0,4.580000000000041,0.6275999999999999
1,265,4,0.461940868,0.393687722,0.290888831,42.20122500259112,22.666649889137936,36.475984405821706,20.9084594813623,63.73681452013111,59.924908781550286,0.6019981818951644,Soon,265,L47444,L,298.1,308.2,1390,47.5,33,0,0,0,0,0,0,2023-01-12 00:00:00,Plant_A,37.55,40.58,1.0,-2.5,0.4058
1,266,4,0.583602648,0.233271013,0.311760144,41.730284561417456,26.877059839378248,36.390216233507125,20.147530625082275,64.76082012294493,60.857589300490034,0.6171921683600337,Soon,266,L47445,L,298.0,308.1,1454,37.1,35,0,0,0,0,0,0,2023-01-12 01:00:00,Plant_A,34.82,43.62,0.0,0.1300000000000523,0.4362
1,267,4,0.533637423,0.332536652,0.366852391,42.93448727411581,24.83671054622285,36.40934611300809,22.614818301769013,65.55381666575116,61.64759564311523,0.6294539635730216,Soon,267,H29680,H,298.0,308.1,1440,43.7,37,0,0,0,0,0,0,2023-01-12 02:00:00,Plant_A,33.94,59.62,0.5,1.0100000000000475,0.5962
1,268,4,0.356337841,0.355818113,0.279401054,43.582034660281565,27.29584911175604,37.224655918468734,21.949341152553306,67.17072062395413,62.47165931207591,0.6383811567104994,Soon,268,L47447,L,297.9,308.0,1954,21.1,42,0,0,0,0,0,0,2023-01-12 03:00:00,Plant_A,34.05,64.0,0.0,0.8000000000000114,0.64
1,269,4,0.480128377,0.315482727,0.278634247,44.1133312376639,24.467972285083267,37.64722051898583,23.121788422025933,67.05667732049909,63.20076439873526,0.6482274387852764,Soon,269,H29682,H,297.9,308.0,1800,24.8,44,0,0,0,0,0,0,2023-01-12 04:00:00,Plant_A,27.19,70.0,0.2,7.660000000000025,0.7
1,270,4,0.429252201,0.286145515,0.370857155,44.13813221782662,25.04772967590307,37.18588359912689,22.58650021432091,66.84686536087382,63.88558957726792,0.6602494593394289,Soon,270,L47449,L,298.0,308.0,1524,37.0,49,0,0,0,0,0,0,2023-01-12 05:00:00,Plant_A,25.87,54.58,0.0,8.980000000000018,0.5458
1,271,4,0.515461849,0.347364964,0.261880209,45.23095081255326,25.285961559085727,37.84027410074701,21.254621841095425,67.5933728778407,64.59514376258986,0.6673258174552736,Soon,271,H29684,H,298.0,308.0,1520,39.6,51,0,0,0,0,0,0,2023-01-12 06:00:00,Plant_A,36.19,74.75,0.0,-1.339999999999975,0.7475
1,272,4,0.581990016,0.260162144,0.277963909,45.62227413790848,26.83185840888711,39.06132750329857,20.32598951886886,68.84964545609624,65.54327657492396,0.6775851810892439,Soon,272,M15131,M,298.1,308.1,1452,40.8,56,0,0,0,0,0,0,2023-01-12 07:00:00,Plant_A,36.2,83.01,0.0,-1.2499999999999432,0.8301000000000001
1,273,4,0.475324209,0.36393982,0.327142274,44.472655319999525,25.522275063518407,39.88811985212348,21.914706205310328,68.56033874647798,66.32788718309081,0.6876395301124628,Soon,273,L47452,L,298.1,308.1,1484,40.4,59,0,0,0,0,0,0,2023-01-12 08:00:00,Plant_A,37.34,78.99,2.0,-2.3899999999999864,0.7898999999999999
1,274,4,0.577756322,0.334815468,0.366547403,46.63274185366148,26.88562937581442,41.63506999479936,24.18590844200792,72.22109733561875,67.2350169030188,0.7007579427913705,Soon,274,L47453,L,298.1,308.0,1426,46.0,61,0,0,0,0,0,0,2023-01-12 09:00:00,Plant_A,38.26,41.98,0.0,-3.409999999999968,0.4197999999999999
1,275,4,0.396924614,0.349292222,0.292580496,47.08638784816156,27.6326526674631,38.66322361169031,22.83452955341588,70.68912231738021,67.9302476827437,0.7146875863049575,Soon,275,L47454,L,298.1,308.0,1652,28.5,63,0,0,0,0,0,0,2023-01-12 10:00:00,Plant_A,30.23,64.03,0.0,4.6200000000000045,0.6403
1,276,4,0.462005073,0.339364632,0.285120273,46.06316096905771,26.16726045713199,40.58071232241991,23.63780742234225,70.79604841107621,68.53377051155682,0.7205340399602704,Soon,276,L47455,L,298.0,308.0,1401,54.7,65,0,0,0,0,0,0,2023-01-12 11:00:00,Plant_A,30.03,45.25,0.0,4.82000000000005,0.4525
1,277,4,0.43329508,0.373335259,0.293848072,47.2400337583581,29.055467759161854,41.19291234212352,27.740353389800205,74.44611628292895,69.4230004732746,0.7304598779995062,Soon,277,M15136,M,298.0,307.9,1750,26.6,67,0,0,0,0,0,0,2023-01-12 12:00:00,Plant_A,35.97,52.1,0.0,-1.2200000000000273,0.521
1,278,4,0.598308095,0.344815303,0.324085449,46.8618470261584,28.546341607790925,40.51714186938511,22.687474279761915,71.88384102390819,69.89431251327001,0.7387593297815959,Soon,278,H29691,H,298.0,308.0,1479,50.7,70,0,0,0,0,0,0,2023-01-12 13:00:00,Plant_A,33.0,89.33,2.0,1.8500000000000227,0.8933
1,279,4,0.521394077,0.276689642,0.341726187,50.837148260439136,26.52969880473656,41.05854378894031,21.03981519955437,73.5983587019686,70.54848065141697,0.7432043022510386,Soon,279,M15138,M,298.0,308.0,1620,29.4,75,0,0,0,0,0,0,2023-01-12 14:00:00,Plant_A,34.04,47.12,1.0,0.8100000000000023,0.4711999999999999
1,280,4,0.418305115,0.358319884,0.343025954,50.81251755206599,29.43132158712161,43.84160316158875,27.719082569130777,78.34888854729276,71.69868297005885,0.7515832578304896,Soon,280,L47459,L,298.0,308.1,1819,23.4,78,0,0,0,0,0,0,2023-01-12 15:00:00,Plant_A,35.92,64.94,0.0,-0.9699999999999704,0.6494
1,281,1,0.563152788,0.858421799,0.700346395,49.43979853160236,29.53004742659489,44.2246143727199,26.70730709979981,77.36545837000628,72.67589151927542,0.7650023032533787,Soon,281,M15140,M,298.1,308.1,1456,43.7,80,0,0,0,0,0,0,2023-01-12 16:00:00,Plant_A,37.8,70.91,0.5,-2.849999999999966,0.7091
1,282,1,0.582956232,0.863767992,0.719017635,48.21868978365536,28.74287443138322,43.83848697904413,25.913423852168,75.7925679165483,73.37018376532062,0.7727941463020845,Soon,282,L47461,L,298.1,308.0,1626,36.5,83,0,0,0,0,0,0,2023-01-12 17:00:00,Plant_A,26.76,75.12,0.2,8.090000000000032,0.7512000000000001
1,283,1,0.631814045,0.760142227,0.735663606,50.63199505874345,24.871150953498866,45.692380743767934,29.39395405875842,78.31967356049311,74.34611724672213,0.7795975775070191,Soon,283,M15142,M,298.1,308.1,1390,49.8,85,0,0,0,0,0,0,2023-01-12 18:00:00,Plant_A,27.51,67.98,0.0,7.440000000000055,0.6798000000000001
1,284,1,0.608145909,0.78816823,0.735235742,51.07801302704642,30.06173579505505,44.42754860125274,29.59084742894989,79.76275258592122,75.10028277175239,0.7844960352556363,Immediate,284,L47463,L,298.2,308.2,1469,43.0,88,0,0,0,0,0,0,2023-01-12 19:00:00,Plant_A,21.88,40.49,1.0,13.170000000000016,0.4049
1,285,1,0.628680538,0.826964366,0.68969232,52.372823996246574,24.72662898634443,48.594007241530896,27.51239183439259,80.45264519336365,76.07663505935074,0.7886000558990358,Immediate,285,L47464,L,298.2,308.3,2051,19.2,90,0,0,0,0,0,0,2023-01-12 20:00:00,Plant_A,31.57,56.32,2.0,3.580000000000041,0.5632
1,286,1,0.54802045,0.946780956,0.717586601,52.208211723581634,27.118525689525818,43.897445725140365,29.670452366763836,79.17343804450988,76.91437402269409,0.7951100003361629,Immediate,286,L47465,L,298.2,308.3,1568,36.0,92,0,0,0,0,0,0,2023-01-12 21:00:00,Plant_A,20.72,65.89,0.0,14.430000000000009,0.6589
1,287,1,0.688580333,0.834192674,0.684887517,52.97549900257265,26.50973583044887,45.984260994375695,30.214245966643283,80.84938161113814,77.55470055551503,0.7990957100923276,Immediate,287,L47466,L,298.2,308.3,1589,33.2,94,0,0,0,0,0,0,2023-01-12 22:00:00,Plant_A,29.31,44.39,0.0,5.840000000000032,0.4439
1,288,1,0.630664237,0.793120966,0.708858489,53.49478855341773,30.738103862095272,47.387800427912175,24.709394948727304,81.62524890951116,78.52884134407532,0.8060887899282052,Immediate,288,L47467,L,298.2,308.3,1805,31.6,96,0,0,0,0,0,0,2023-01-12 23:00:00,Plant_A,30.85,57.53,0.0,4.300000000000011,0.5753
1,289,1,0.579977797,0.868089925,0.661725228,52.271321197948,29.66353120800671,47.79783360274447,27.98276622656491,81.7305585831497,79.34206133219342,0.8120653453506164,Immediate,289,H29702,H,298.2,308.4,1385,42.2,98,0,0,0,0,0,0,2023-01-13 00:00:00,Plant_A,25.73,41.66,0.2,9.519999999999982,0.4165999999999999
1,290,1,0.657242432,0.844271462,0.696380662,56.31150250342448,28.99210473108872,47.68851918902429,30.31363673201667,84.8801442346454,79.99518690092869,0.813912668207797,Immediate,290,L47469,L,298.1,308.4,1436,46.7,103,0,0,0,0,0,0,2023-01-13 01:00:00,Plant_A,31.82,43.93,0.5,3.430000000000007,0.4393
1,291,1,0.652810587,0.853499775,0.685893246,56.223463272171344,28.88544493014636,51.208483860372326,35.003357681535185,88.5606606761107,81.11470713153912,0.8187316659717712,Immediate,291,L47470,L,298.1,308.4,1438,45.6,105,0,0,0,0,0,0,2023-01-13 02:00:00,Plant_A,20.61,59.85,0.0,14.639999999999986,0.5985
1,292,1,0.59225747,0.744471028,0.71488107,54.69378148680451,30.67171478348798,48.80160015413505,25.22400732998499,83.36672324418878,81.87212266430318,0.8244999550467486,Immediate,292,L47471,L,298.0,308.3,1473,42.6,107,0,0,0,0,0,0,2023-01-13 03:00:00,Plant_A,20.75,46.64,0.0,14.400000000000034,0.4664
1,293,1,0.6866446,0.840920675,0.688088545,55.60328636718523,31.060822856578824,53.08577519743442,30.37697317362475,88.3026624675759,82.87042155501146,0.8323635896226306,Immediate,293,L47472,L,298.1,308.4,1335,40.2,109,0,0,0,0,0,0,2023-01-13 04:00:00,Plant_A,36.45,68.38,0.0,-1.1999999999999886,0.6838
1,294,1,0.705104013,0.906365937,0.696919073,57.11272194485236,29.109871607926216,52.65884369109417,30.46850152814159,88.37720881105844,83.73186717752517,0.8419806995386679,Immediate,294,H29707,H,298.1,308.5,1392,44.8,111,0,0,0,0,0,0,2023-01-13 05:00:00,Plant_A,27.2,74.47,0.2,8.150000000000034,0.7447
1,295,1,0.568471302,0.847181339,0.698087776,59.069929837302624,30.042131792567275,47.74631150621812,25.948058332275654,85.7017986234235,84.25678252053116,0.8452666345241223,Immediate,295,M15154,M,298.1,308.5,1372,51.1,116,0,0,0,0,0,0,2023-01-13 06:00:00,Plant_A,22.54,80.03,2.0,12.810000000000002,0.8003
1,296,1,0.623589177,0.905785331,0.705693147,56.649242746487424,31.33209105198215,53.01953591177562,30.903798449363663,89.20175211473772,85.25961392755394,0.8478568600832106,Immediate,296,M15155,M,298.1,308.6,1716,30.7,119,0,0,0,0,0,0,2023-01-13 07:00:00,Plant_A,30.44,50.01,2.0,5.010000000000048,0.5001
1,297,1,0.614002655,0.785662488,0.736593241,58.70407974714652,32.29776866832172,52.30669218045804,34.19180492147392,91.62087322527046,86.33676308896716,0.8547237596505186,Immediate,297,L47476,L,298.0,308.5,1395,46.2,122,0,0,0,0,0,0,2023-01-13 08:00:00,Plant_A,35.4,48.37,1.0,-0.0499999999999545,0.4836999999999999
1,298,1,0.686615943,0.894073128,0.738045872,62.59116506358692,31.427324586836,50.98982675665573,29.029232687982205,91.36733255288956,87.31097145330502,0.8575154611207869,Immediate,298,L47477,L,298.0,308.5,1713,25.3,124,0,0,0,0,0,0,2023-01-13 09:00:00,Plant_A,24.32,45.23,0.0,11.03000000000003,0.4523
